-- phpMyAdmin SQL Dump
-- version 4.0.10deb1
-- http://www.phpmyadmin.net
--
-- Inang: localhost
-- Waktu pembuatan: 08 Agu 2016 pada 21.05
-- Versi Server: 5.5.50-0ubuntu0.14.04.1
-- Versi PHP: 5.5.9-1ubuntu4.19

SET SQL_MODE = "NO_AUTO_VALUE_ON_ZERO";
SET time_zone = "+00:00";


/*!40101 SET @OLD_CHARACTER_SET_CLIENT=@@CHARACTER_SET_CLIENT */;
/*!40101 SET @OLD_CHARACTER_SET_RESULTS=@@CHARACTER_SET_RESULTS */;
/*!40101 SET @OLD_COLLATION_CONNECTION=@@COLLATION_CONNECTION */;
/*!40101 SET NAMES utf8 */;

--
-- Basis data: `digiid_mylisting`
--

-- --------------------------------------------------------

--
-- Struktur dari tabel `address`
--

CREATE TABLE IF NOT EXISTS `address` (
  `address_id` int(11) NOT NULL AUTO_INCREMENT,
  `customer_id` int(11) DEFAULT NULL,
  `company` varchar(40) NOT NULL,
  `address_1` varchar(128) NOT NULL,
  `address_2` varchar(128) DEFAULT NULL,
  `city` varchar(128) NOT NULL,
  `postcode` varchar(128) DEFAULT NULL,
  `country_id` int(11) NOT NULL DEFAULT '0',
  `zone_id` int(11) NOT NULL DEFAULT '0',
  `created_at` timestamp NOT NULL DEFAULT '0000-00-00 00:00:00',
  `updated_at` timestamp NOT NULL DEFAULT '0000-00-00 00:00:00',
  PRIMARY KEY (`address_id`),
  KEY `customer_id` (`customer_id`)
) ENGINE=InnoDB  DEFAULT CHARSET=utf8 AUTO_INCREMENT=18 ;

--
-- Dumping data untuk tabel `address`
--

INSERT INTO `address` (`address_id`, `customer_id`, `company`, `address_1`, `address_2`, `city`, `postcode`, `country_id`, `zone_id`, `created_at`, `updated_at`) VALUES
(1, 9, 'Grafich Dev Pte Ltd', 'St. Margonda Raya No. 578 Kemirimuka Beji', '', 'Depok', '16423', 100, 1515, '2016-03-15 22:25:40', '2016-03-15 22:25:40'),
(2, 10, 'PYT. TEST01', 'kdhfskflsdfj', '', 'jakarta barat', '', 100, 1513, '2016-03-17 08:52:37', '2016-03-17 08:52:37'),
(3, 11, 'Pt Test02', 'jkgfgjjn hhjk', '', 'Jakarta utara', '', 100, 1513, '2016-03-28 03:43:34', '2016-03-28 03:43:34'),
(16, NULL, 'Test Non Customer', 'sdsa dsadsadsa', '', 'Depok', '16423', 100, 1515, '2016-03-31 23:25:44', '2016-03-31 23:25:44'),
(17, 12, 'PT. TEST03', 'adds', '', 'jakarta pusat', '', 100, 1513, '2016-05-10 05:12:46', '2016-05-10 05:12:46');

-- --------------------------------------------------------

--
-- Struktur dari tabel `ads`
--

CREATE TABLE IF NOT EXISTS `ads` (
  `id` int(10) unsigned NOT NULL AUTO_INCREMENT,
  `ad_id` varchar(13) COLLATE utf8_unicode_ci DEFAULT NULL,
  `title` varchar(255) COLLATE utf8_unicode_ci DEFAULT NULL,
  `customer_id` varchar(15) COLLATE utf8_unicode_ci DEFAULT NULL,
  `password` varchar(60) COLLATE utf8_unicode_ci DEFAULT NULL,
  `link` varchar(255) COLLATE utf8_unicode_ci DEFAULT NULL,
  `days` int(11) NOT NULL DEFAULT '0',
  `been_active` int(1) NOT NULL DEFAULT '0',
  `show_date` datetime DEFAULT NULL,
  `expired_date` datetime DEFAULT NULL,
  `status` int(1) NOT NULL DEFAULT '1',
  `assets` longtext COLLATE utf8_unicode_ci,
  `address_id` int(11) DEFAULT NULL,
  `noncust_ad_link` longtext COLLATE utf8_unicode_ci,
  `created_at` timestamp NOT NULL DEFAULT '0000-00-00 00:00:00',
  `updated_at` timestamp NOT NULL DEFAULT '0000-00-00 00:00:00',
  PRIMARY KEY (`id`)
) ENGINE=InnoDB  DEFAULT CHARSET=utf8 COLLATE=utf8_unicode_ci AUTO_INCREMENT=45 ;

--
-- Dumping data untuk tabel `ads`
--

INSERT INTO `ads` (`id`, `ad_id`, `title`, `customer_id`, `password`, `link`, `days`, `been_active`, `show_date`, `expired_date`, `status`, `assets`, `address_id`, `noncust_ad_link`, `created_at`, `updated_at`) VALUES
(17, '2820160300002', 'Test Ads hehe', '012016030001936', NULL, 'http://www.yahoo.co.id/', 3, 1, '2016-03-21 10:30:00', '2016-05-15 06:55:00', 2, '["storage\\/app\\/cs\\/assets\\/12-car-ads-creative-advertising.jpg"]', NULL, NULL, '2016-03-18 00:54:18', '2016-05-11 23:30:06'),
(18, '2820160300003', 'Test Ads 5', '012016030001936', NULL, 'http://www.google.co.id', 5, 1, '2016-03-24 15:30:00', '2016-03-29 21:05:00', 5, '["storage\\/app\\/cs\\/assets\\/autosolutions.jpg"]', NULL, NULL, '2016-03-18 00:54:18', '2016-03-30 07:00:27'),
(36, '2820160400036', 'Test Ads Non Customer', NULL, '$2y$10$NE5FKl85fKI/BTEDnQfBAuzQdhW1dw5gIRHmzVKfWh3MWnktq0LS6', 'http://kaskus.co.id', 34, 1, '2016-04-01 06:45:00', '2016-05-05 06:45:00', 5, '["storage\\/app\\/cs\\/assets\\/img-2.jpg"]', 16, 'http://mylisting.grafich.com/noncust-ads/ca357a4c21a6300c1d9cd06ab71a03e2', '2016-03-31 23:25:44', '2016-05-05 04:48:49'),
(37, '2820160500037', NULL, '012016030001936', NULL, NULL, 1, 0, NULL, NULL, 1, NULL, NULL, NULL, '2016-05-09 14:21:48', '2016-05-09 14:21:48'),
(38, '2820160800038', 'Tes Edit Ads', 'n12016030002682', NULL, 'www.batanyo.com', 2, 0, '1899-11-09 00:00:00', '2016-08-01 00:00:00', 2, '["storage\\/app\\/cs\\/assets\\/Screenshot_from_2016-08-04_10_20_43.png"]', NULL, NULL, '2016-08-03 12:56:27', '2016-08-08 12:10:13'),
(39, '2820160800039', NULL, 'n12016030002682', NULL, NULL, 2, 0, NULL, NULL, 1, NULL, NULL, NULL, '2016-08-03 16:01:04', '2016-08-04 01:38:12'),
(40, '2820160800040', NULL, 'n12016030002682', NULL, NULL, 3, 0, NULL, NULL, 1, NULL, NULL, NULL, '2016-08-08 12:02:33', '2016-08-08 12:02:33'),
(41, '2820160800041', NULL, 'n12016030002682', NULL, NULL, 4, 0, NULL, NULL, 1, NULL, NULL, NULL, '2016-08-08 12:03:08', '2016-08-08 12:03:08'),
(42, '2820160800042', NULL, 'n12016030002682', NULL, NULL, 3, 0, NULL, NULL, 1, NULL, NULL, NULL, '2016-08-08 12:03:08', '2016-08-08 12:03:08'),
(43, '2820160800043', NULL, 'n12016030002682', NULL, NULL, 2, 0, NULL, NULL, 1, NULL, NULL, NULL, '2016-08-08 12:11:24', '2016-08-08 12:11:24'),
(44, '2820160800044', NULL, 'n12016030002682', NULL, NULL, 3, 0, NULL, NULL, 1, NULL, NULL, NULL, '2016-08-08 12:11:24', '2016-08-08 12:11:25');

-- --------------------------------------------------------

--
-- Struktur dari tabel `adsmeta`
--

CREATE TABLE IF NOT EXISTS `adsmeta` (
  `meta_id` bigint(20) unsigned NOT NULL AUTO_INCREMENT,
  `ad_id` bigint(20) NOT NULL,
  `meta_key` varchar(255) DEFAULT NULL,
  `meta_value` longtext,
  `created_at` timestamp NOT NULL DEFAULT '0000-00-00 00:00:00',
  `updated_at` timestamp NOT NULL DEFAULT '0000-00-00 00:00:00',
  PRIMARY KEY (`meta_id`),
  KEY `listing_id` (`ad_id`),
  KEY `meta_key` (`meta_key`)
) ENGINE=InnoDB  DEFAULT CHARSET=utf8 ROW_FORMAT=COMPACT AUTO_INCREMENT=6 ;

--
-- Dumping data untuk tabel `adsmeta`
--

INSERT INTO `adsmeta` (`meta_id`, `ad_id`, `meta_key`, `meta_value`, `created_at`, `updated_at`) VALUES
(1, 24, 'listing_views', '55', '2016-02-13 09:21:30', '2016-02-14 00:29:32'),
(2, 26, 'listing_views', '1', '2016-02-14 00:27:54', '2016-02-14 00:27:54'),
(3, 25, 'listing_views', '2', '2016-02-14 00:28:09', '2016-02-14 00:28:15'),
(4, 34, 'listing_views', '1', '2016-02-14 00:28:58', '2016-02-14 00:28:58'),
(5, 28, 'listing_views', '1', '2016-02-14 00:29:10', '2016-02-14 00:29:10');

-- --------------------------------------------------------

--
-- Struktur dari tabel `ad_status`
--

CREATE TABLE IF NOT EXISTS `ad_status` (
  `id` int(11) NOT NULL,
  `name` varchar(50) NOT NULL,
  `display_name` varchar(50) DEFAULT NULL,
  `info` varchar(255) DEFAULT NULL,
  PRIMARY KEY (`id`),
  UNIQUE KEY `name` (`name`)
) ENGINE=InnoDB DEFAULT CHARSET=latin1 ROW_FORMAT=COMPACT;

--
-- Dumping data untuk tabel `ad_status`
--

INSERT INTO `ad_status` (`id`, `name`, `display_name`, `info`) VALUES
(1, 'pending', 'Pending', 'Menunggu konfirmasi pembayaran yang telah disetujui staff Finance'),
(2, 'checking', 'Checking', 'Menunggu konfirmasi dari staff manager tentang isi content listing'),
(3, 'active', 'Active', 'Iklan aktif'),
(4, 'rejected', 'Rejected', 'Iklan telah ditolak dengan alasan isi konten'),
(5, 'expired', 'Expired', 'Masa tampil iklan telah expired'),
(6, 'ready', 'Ready', 'Ads telah ready. Pembayaran telah di konfirm');

-- --------------------------------------------------------

--
-- Struktur dari tabel `billings`
--

CREATE TABLE IF NOT EXISTS `billings` (
  `id` int(10) unsigned NOT NULL AUTO_INCREMENT,
  `customer_id` varchar(15) COLLATE utf8_unicode_ci DEFAULT NULL,
  `item_id` varchar(25) COLLATE utf8_unicode_ci NOT NULL,
  `bukti_pembayaran` longtext COLLATE utf8_unicode_ci,
  `confirm_message` longtext COLLATE utf8_unicode_ci,
  `item_type` varchar(50) COLLATE utf8_unicode_ci NOT NULL,
  `amount` decimal(10,2) NOT NULL,
  `status` int(1) NOT NULL DEFAULT '0',
  `created_at` timestamp NOT NULL DEFAULT '0000-00-00 00:00:00',
  `updated_at` timestamp NOT NULL DEFAULT '0000-00-00 00:00:00',
  PRIMARY KEY (`id`),
  KEY `status` (`status`)
) ENGINE=InnoDB  DEFAULT CHARSET=utf8 COLLATE=utf8_unicode_ci AUTO_INCREMENT=78 ;

--
-- Dumping data untuk tabel `billings`
--

INSERT INTO `billings` (`id`, `customer_id`, `item_id`, `bukti_pembayaran`, `confirm_message`, `item_type`, `amount`, `status`, `created_at`, `updated_at`) VALUES
(21, '012016030001936', '77', '', NULL, 'listing', 1360000.00, 2, '2016-03-15 23:37:37', '2016-03-16 00:08:08'),
(22, '012016030001936', '78', '', NULL, 'listing', 560000.00, 2, '2016-03-15 23:37:37', '2016-03-16 05:34:40'),
(23, '012016030001936', '79', '', NULL, 'listing', 1360000.00, 2, '2016-03-16 05:47:10', '2016-03-16 05:49:16'),
(24, '012016030001936', '80', '', NULL, 'listing', 1360000.00, 2, '2016-03-16 05:47:10', '2016-03-16 05:49:23'),
(25, '012016030001936', '81', '', NULL, 'listing', 1360000.00, 2, '2016-03-16 05:47:10', '2016-03-16 05:49:30'),
(26, '012016030001936', '82', 'storage/app/listings/billings/26/post-1.jpg', 'Test Send Confirm', 'listing', 560000.00, 2, '2016-03-16 05:47:10', '2016-03-16 10:16:22'),
(27, '012016030001936', '83', 'storage/app/listings/billings/27/post-3.jpg', 'Testttttt', 'listing', 560000.00, 2, '2016-03-16 08:50:30', '2016-03-17 05:03:31'),
(28, '012016030001936', '84', NULL, NULL, 'listing', 560000.00, 2, '2016-03-17 05:47:35', '2016-03-17 06:12:27'),
(29, '012016030001936', '79', NULL, NULL, 'listing', 1360000.00, 2, '2016-03-17 07:18:02', '2016-03-17 08:43:11'),
(30, '012016030001936', '80', NULL, NULL, 'listing', 560000.00, 2, '2016-03-17 07:18:02', '2016-03-17 08:43:58'),
(31, '012016030001936', '86', NULL, NULL, 'listing', 560000.00, 2, '2016-03-17 08:46:41', '2016-03-17 09:34:19'),
(32, '012016030001936', '87', NULL, '', 'listing', 560000.00, 2, '2016-03-17 08:46:41', '2016-03-28 07:28:43'),
(33, '012016030002682', '88', NULL, 'Paid via cimb tgl 17maret', 'listing', 560000.00, 2, '2016-03-17 08:54:23', '2016-03-17 08:57:33'),
(34, '012016030002682', '89', 'storage/app/listings/billings/34/image.jpeg', '', 'listing', 560000.00, 2, '2016-03-17 09:13:14', '2016-03-17 09:16:22'),
(35, '012016030002682', '90', NULL, 'sudah bayar tgl 10 bulan 3 via bank abc', 'listing', 1360000.00, 2, '2016-03-17 09:36:05', '2016-03-28 04:00:22'),
(38, '012016030001936', '84', NULL, NULL, 'listing', 1360000.00, 2, '2016-03-17 23:05:52', '2016-03-17 23:06:06'),
(43, '012016030001936', '17', NULL, NULL, 'ads', 69000.00, 2, '2016-03-18 00:54:18', '2016-03-18 13:26:04'),
(44, '012016030001936', '18', NULL, NULL, 'ads', 69000.00, 2, '2016-03-18 00:54:18', '2016-03-18 13:59:19'),
(47, '012016030001936', '18', NULL, NULL, 'ads', 115000.00, 2, '2016-03-24 08:14:45', '2016-03-24 08:24:24'),
(48, '012016030003972', '91', NULL, 'transfer tgl 25 maret via bank abc', 'listing', 560000.00, 2, '2016-03-28 03:50:13', '2016-03-28 04:01:08'),
(49, '012016030003972', '92', NULL, 'Setor tgl 22 maret via bank abc', 'listing', 560000.00, 2, '2016-03-28 03:50:13', '2016-03-28 04:05:07'),
(50, '012016030003972', '93', NULL, 'setor tgl 22 maret via bank abc', 'listing', 1360000.00, 2, '2016-03-28 03:50:13', '2016-03-28 04:05:17'),
(61, NULL, '36', NULL, NULL, 'ads', 969000.00, 2, '2016-03-31 23:25:44', '2016-03-31 23:25:44'),
(62, '012016030001936', '94', NULL, 'Inv via bank abc tgl ', 'listing', 560000.00, 2, '2016-05-09 13:54:45', '2016-05-09 14:03:41'),
(63, '012016030001936', '95', NULL, NULL, 'listing', 560000.00, 0, '2016-05-09 13:54:45', '2016-05-09 13:54:45'),
(64, '012016030001936', '37', NULL, NULL, 'ads', 23000.00, 0, '2016-05-09 14:21:48', '2016-05-09 14:21:48'),
(65, 'n12016030002682', '38', NULL, NULL, 'ads', 46000.00, 0, '2016-08-03 12:56:28', '2016-08-03 12:56:28'),
(66, 'n12016030002682', '39', NULL, NULL, 'ads', 23000.00, 0, '2016-08-03 16:01:04', '2016-08-03 16:01:04'),
(67, NULL, '38', NULL, NULL, 'ads', 23000.00, 0, '2016-08-03 16:09:39', '2016-08-03 16:09:39'),
(68, NULL, '39', NULL, NULL, 'ads', 69000.00, 0, '2016-08-03 16:09:39', '2016-08-03 16:09:39'),
(69, NULL, '38', NULL, NULL, 'ads', 23000.00, 0, '2016-08-04 01:38:12', '2016-08-04 01:38:12'),
(70, NULL, '39', NULL, NULL, 'ads', 46000.00, 0, '2016-08-04 01:38:12', '2016-08-04 01:38:12'),
(71, 'n12016030002682', '40', NULL, NULL, 'ads', 69000.00, 0, '2016-08-08 12:02:34', '2016-08-08 12:02:34'),
(72, 'n12016030002682', '41', NULL, NULL, 'ads', 92000.00, 0, '2016-08-08 12:03:08', '2016-08-08 12:03:08'),
(73, 'n12016030002682', '42', NULL, NULL, 'ads', 69000.00, 0, '2016-08-08 12:03:08', '2016-08-08 12:03:08'),
(74, NULL, '38', NULL, NULL, 'ads', 46000.00, 0, '2016-08-08 12:10:13', '2016-08-08 12:10:13'),
(75, 'n12016030002682', '43', NULL, NULL, 'ads', 46000.00, 0, '2016-08-08 12:11:24', '2016-08-08 12:11:24'),
(76, 'n12016030002682', '44', NULL, NULL, 'ads', 69000.00, 0, '2016-08-08 12:11:25', '2016-08-08 12:11:25'),
(77, NULL, '44', NULL, NULL, 'ads', 69000.00, 0, '2016-08-08 12:13:16', '2016-08-08 12:13:16');

-- --------------------------------------------------------

--
-- Struktur dari tabel `country`
--

CREATE TABLE IF NOT EXISTS `country` (
  `country_id` int(11) NOT NULL AUTO_INCREMENT,
  `name` varchar(128) NOT NULL,
  `iso_code_2` varchar(2) NOT NULL,
  `iso_code_3` varchar(3) NOT NULL,
  PRIMARY KEY (`country_id`)
) ENGINE=InnoDB  DEFAULT CHARSET=utf8 AUTO_INCREMENT=258 ;

--
-- Dumping data untuk tabel `country`
--

INSERT INTO `country` (`country_id`, `name`, `iso_code_2`, `iso_code_3`) VALUES
(1, 'Afghanistan', 'AF', 'AFG'),
(2, 'Albania', 'AL', 'ALB'),
(3, 'Algeria', 'DZ', 'DZA'),
(4, 'American Samoa', 'AS', 'ASM'),
(5, 'Andorra', 'AD', 'AND'),
(6, 'Angola', 'AO', 'AGO'),
(7, 'Anguilla', 'AI', 'AIA'),
(8, 'Antarctica', 'AQ', 'ATA'),
(9, 'Antigua and Barbuda', 'AG', 'ATG'),
(10, 'Argentina', 'AR', 'ARG'),
(11, 'Armenia', 'AM', 'ARM'),
(12, 'Aruba', 'AW', 'ABW'),
(13, 'Australia', 'AU', 'AUS'),
(14, 'Austria', 'AT', 'AUT'),
(15, 'Azerbaijan', 'AZ', 'AZE'),
(16, 'Bahamas', 'BS', 'BHS'),
(17, 'Bahrain', 'BH', 'BHR'),
(18, 'Bangladesh', 'BD', 'BGD'),
(19, 'Barbados', 'BB', 'BRB'),
(20, 'Belarus', 'BY', 'BLR'),
(21, 'Belgium', 'BE', 'BEL'),
(22, 'Belize', 'BZ', 'BLZ'),
(23, 'Benin', 'BJ', 'BEN'),
(24, 'Bermuda', 'BM', 'BMU'),
(25, 'Bhutan', 'BT', 'BTN'),
(26, 'Bolivia', 'BO', 'BOL'),
(27, 'Bosnia and Herzegovina', 'BA', 'BIH'),
(28, 'Botswana', 'BW', 'BWA'),
(29, 'Bouvet Island', 'BV', 'BVT'),
(30, 'Brazil', 'BR', 'BRA'),
(31, 'British Indian Ocean Territory', 'IO', 'IOT'),
(32, 'Brunei Darussalam', 'BN', 'BRN'),
(33, 'Bulgaria', 'BG', 'BGR'),
(34, 'Burkina Faso', 'BF', 'BFA'),
(35, 'Burundi', 'BI', 'BDI'),
(36, 'Cambodia', 'KH', 'KHM'),
(37, 'Cameroon', 'CM', 'CMR'),
(38, 'Canada', 'CA', 'CAN'),
(39, 'Cape Verde', 'CV', 'CPV'),
(40, 'Cayman Islands', 'KY', 'CYM'),
(41, 'Central African Republic', 'CF', 'CAF'),
(42, 'Chad', 'TD', 'TCD'),
(43, 'Chile', 'CL', 'CHL'),
(44, 'China', 'CN', 'CHN'),
(45, 'Christmas Island', 'CX', 'CXR'),
(46, 'Cocos (Keeling) Islands', 'CC', 'CCK'),
(47, 'Colombia', 'CO', 'COL'),
(48, 'Comoros', 'KM', 'COM'),
(49, 'Congo', 'CG', 'COG'),
(50, 'Cook Islands', 'CK', 'COK'),
(51, 'Costa Rica', 'CR', 'CRI'),
(52, 'Cote D''Ivoire', 'CI', 'CIV'),
(53, 'Croatia', 'HR', 'HRV'),
(54, 'Cuba', 'CU', 'CUB'),
(55, 'Cyprus', 'CY', 'CYP'),
(56, 'Czech Republic', 'CZ', 'CZE'),
(57, 'Denmark', 'DK', 'DNK'),
(58, 'Djibouti', 'DJ', 'DJI'),
(59, 'Dominica', 'DM', 'DMA'),
(60, 'Dominican Republic', 'DO', 'DOM'),
(61, 'East Timor', 'TL', 'TLS'),
(62, 'Ecuador', 'EC', 'ECU'),
(63, 'Egypt', 'EG', 'EGY'),
(64, 'El Salvador', 'SV', 'SLV'),
(65, 'Equatorial Guinea', 'GQ', 'GNQ'),
(66, 'Eritrea', 'ER', 'ERI'),
(67, 'Estonia', 'EE', 'EST'),
(68, 'Ethiopia', 'ET', 'ETH'),
(69, 'Falkland Islands (Malvinas)', 'FK', 'FLK'),
(70, 'Faroe Islands', 'FO', 'FRO'),
(71, 'Fiji', 'FJ', 'FJI'),
(72, 'Finland', 'FI', 'FIN'),
(74, 'France, Metropolitan', 'FR', 'FRA'),
(75, 'French Guiana', 'GF', 'GUF'),
(76, 'French Polynesia', 'PF', 'PYF'),
(77, 'French Southern Territories', 'TF', 'ATF'),
(78, 'Gabon', 'GA', 'GAB'),
(79, 'Gambia', 'GM', 'GMB'),
(80, 'Georgia', 'GE', 'GEO'),
(81, 'Germany', 'DE', 'DEU'),
(82, 'Ghana', 'GH', 'GHA'),
(83, 'Gibraltar', 'GI', 'GIB'),
(84, 'Greece', 'GR', 'GRC'),
(85, 'Greenland', 'GL', 'GRL'),
(86, 'Grenada', 'GD', 'GRD'),
(87, 'Guadeloupe', 'GP', 'GLP'),
(88, 'Guam', 'GU', 'GUM'),
(89, 'Guatemala', 'GT', 'GTM'),
(90, 'Guinea', 'GN', 'GIN'),
(91, 'Guinea-Bissau', 'GW', 'GNB'),
(92, 'Guyana', 'GY', 'GUY'),
(93, 'Haiti', 'HT', 'HTI'),
(94, 'Heard and Mc Donald Islands', 'HM', 'HMD'),
(95, 'Honduras', 'HN', 'HND'),
(96, 'Hong Kong', 'HK', 'HKG'),
(97, 'Hungary', 'HU', 'HUN'),
(98, 'Iceland', 'IS', 'ISL'),
(99, 'India', 'IN', 'IND'),
(100, 'Indonesia', 'ID', 'IDN'),
(101, 'Iran (Islamic Republic of)', 'IR', 'IRN'),
(102, 'Iraq', 'IQ', 'IRQ'),
(103, 'Ireland', 'IE', 'IRL'),
(104, 'Israel', 'IL', 'ISR'),
(105, 'Italy', 'IT', 'ITA'),
(106, 'Jamaica', 'JM', 'JAM'),
(107, 'Japan', 'JP', 'JPN'),
(108, 'Jordan', 'JO', 'JOR'),
(109, 'Kazakhstan', 'KZ', 'KAZ'),
(110, 'Kenya', 'KE', 'KEN'),
(111, 'Kiribati', 'KI', 'KIR'),
(112, 'North Korea', 'KP', 'PRK'),
(113, 'South Korea', 'KR', 'KOR'),
(114, 'Kuwait', 'KW', 'KWT'),
(115, 'Kyrgyzstan', 'KG', 'KGZ'),
(116, 'Lao People''s Democratic Republic', 'LA', 'LAO'),
(117, 'Latvia', 'LV', 'LVA'),
(118, 'Lebanon', 'LB', 'LBN'),
(119, 'Lesotho', 'LS', 'LSO'),
(120, 'Liberia', 'LR', 'LBR'),
(121, 'Libyan Arab Jamahiriya', 'LY', 'LBY'),
(122, 'Liechtenstein', 'LI', 'LIE'),
(123, 'Lithuania', 'LT', 'LTU'),
(124, 'Luxembourg', 'LU', 'LUX'),
(125, 'Macau', 'MO', 'MAC'),
(126, 'FYROM', 'MK', 'MKD'),
(127, 'Madagascar', 'MG', 'MDG'),
(128, 'Malawi', 'MW', 'MWI'),
(129, 'Malaysia', 'MY', 'MYS'),
(130, 'Maldives', 'MV', 'MDV'),
(131, 'Mali', 'ML', 'MLI'),
(132, 'Malta', 'MT', 'MLT'),
(133, 'Marshall Islands', 'MH', 'MHL'),
(134, 'Martinique', 'MQ', 'MTQ'),
(135, 'Mauritania', 'MR', 'MRT'),
(136, 'Mauritius', 'MU', 'MUS'),
(137, 'Mayotte', 'YT', 'MYT'),
(138, 'Mexico', 'MX', 'MEX'),
(139, 'Micronesia, Federated States of', 'FM', 'FSM'),
(140, 'Moldova, Republic of', 'MD', 'MDA'),
(141, 'Monaco', 'MC', 'MCO'),
(142, 'Mongolia', 'MN', 'MNG'),
(143, 'Montserrat', 'MS', 'MSR'),
(144, 'Morocco', 'MA', 'MAR'),
(145, 'Mozambique', 'MZ', 'MOZ'),
(146, 'Myanmar', 'MM', 'MMR'),
(147, 'Namibia', 'NA', 'NAM'),
(148, 'Nauru', 'NR', 'NRU'),
(149, 'Nepal', 'NP', 'NPL'),
(150, 'Netherlands', 'NL', 'NLD'),
(151, 'Netherlands Antilles', 'AN', 'ANT'),
(152, 'New Caledonia', 'NC', 'NCL'),
(153, 'New Zealand', 'NZ', 'NZL'),
(154, 'Nicaragua', 'NI', 'NIC'),
(155, 'Niger', 'NE', 'NER'),
(156, 'Nigeria', 'NG', 'NGA'),
(157, 'Niue', 'NU', 'NIU'),
(158, 'Norfolk Island', 'NF', 'NFK'),
(159, 'Northern Mariana Islands', 'MP', 'MNP'),
(160, 'Norway', 'NO', 'NOR'),
(161, 'Oman', 'OM', 'OMN'),
(162, 'Pakistan', 'PK', 'PAK'),
(163, 'Palau', 'PW', 'PLW'),
(164, 'Panama', 'PA', 'PAN'),
(165, 'Papua New Guinea', 'PG', 'PNG'),
(166, 'Paraguay', 'PY', 'PRY'),
(167, 'Peru', 'PE', 'PER'),
(168, 'Philippines', 'PH', 'PHL'),
(169, 'Pitcairn', 'PN', 'PCN'),
(170, 'Poland', 'PL', 'POL'),
(171, 'Portugal', 'PT', 'PRT'),
(172, 'Puerto Rico', 'PR', 'PRI'),
(173, 'Qatar', 'QA', 'QAT'),
(174, 'Reunion', 'RE', 'REU'),
(175, 'Romania', 'RO', 'ROM'),
(176, 'Russian Federation', 'RU', 'RUS'),
(177, 'Rwanda', 'RW', 'RWA'),
(178, 'Saint Kitts and Nevis', 'KN', 'KNA'),
(179, 'Saint Lucia', 'LC', 'LCA'),
(180, 'Saint Vincent and the Grenadines', 'VC', 'VCT'),
(181, 'Samoa', 'WS', 'WSM'),
(182, 'San Marino', 'SM', 'SMR'),
(183, 'Sao Tome and Principe', 'ST', 'STP'),
(184, 'Saudi Arabia', 'SA', 'SAU'),
(185, 'Senegal', 'SN', 'SEN'),
(186, 'Seychelles', 'SC', 'SYC'),
(187, 'Sierra Leone', 'SL', 'SLE'),
(188, 'Singapore', 'SG', 'SGP'),
(189, 'Slovak Republic', 'SK', 'SVK'),
(190, 'Slovenia', 'SI', 'SVN'),
(191, 'Solomon Islands', 'SB', 'SLB'),
(192, 'Somalia', 'SO', 'SOM'),
(193, 'South Africa', 'ZA', 'ZAF'),
(194, 'South Georgia &amp; South Sandwich Islands', 'GS', 'SGS'),
(195, 'Spain', 'ES', 'ESP'),
(196, 'Sri Lanka', 'LK', 'LKA'),
(197, 'St. Helena', 'SH', 'SHN'),
(198, 'St. Pierre and Miquelon', 'PM', 'SPM'),
(199, 'Sudan', 'SD', 'SDN'),
(200, 'Suriname', 'SR', 'SUR'),
(201, 'Svalbard and Jan Mayen Islands', 'SJ', 'SJM'),
(202, 'Swaziland', 'SZ', 'SWZ'),
(203, 'Sweden', 'SE', 'SWE'),
(204, 'Switzerland', 'CH', 'CHE'),
(205, 'Syrian Arab Republic', 'SY', 'SYR'),
(206, 'Taiwan', 'TW', 'TWN'),
(207, 'Tajikistan', 'TJ', 'TJK'),
(208, 'Tanzania, United Republic of', 'TZ', 'TZA'),
(209, 'Thailand', 'TH', 'THA'),
(210, 'Togo', 'TG', 'TGO'),
(211, 'Tokelau', 'TK', 'TKL'),
(212, 'Tonga', 'TO', 'TON'),
(213, 'Trinidad and Tobago', 'TT', 'TTO'),
(214, 'Tunisia', 'TN', 'TUN'),
(215, 'Turkey', 'TR', 'TUR'),
(216, 'Turkmenistan', 'TM', 'TKM'),
(217, 'Turks and Caicos Islands', 'TC', 'TCA'),
(218, 'Tuvalu', 'TV', 'TUV'),
(219, 'Uganda', 'UG', 'UGA'),
(220, 'Ukraine', 'UA', 'UKR'),
(221, 'United Arab Emirates', 'AE', 'ARE'),
(222, 'United Kingdom', 'GB', 'GBR'),
(223, 'United States', 'US', 'USA'),
(224, 'United States Minor Outlying Islands', 'UM', 'UMI'),
(225, 'Uruguay', 'UY', 'URY'),
(226, 'Uzbekistan', 'UZ', 'UZB'),
(227, 'Vanuatu', 'VU', 'VUT'),
(228, 'Vatican City State (Holy See)', 'VA', 'VAT'),
(229, 'Venezuela', 'VE', 'VEN'),
(230, 'Viet Nam', 'VN', 'VNM'),
(231, 'Virgin Islands (British)', 'VG', 'VGB'),
(232, 'Virgin Islands (U.S.)', 'VI', 'VIR'),
(233, 'Wallis and Futuna Islands', 'WF', 'WLF'),
(234, 'Western Sahara', 'EH', 'ESH'),
(235, 'Yemen', 'YE', 'YEM'),
(237, 'Democratic Republic of Congo', 'CD', 'COD'),
(238, 'Zambia', 'ZM', 'ZMB'),
(239, 'Zimbabwe', 'ZW', 'ZWE'),
(242, 'Montenegro', 'ME', 'MNE'),
(243, 'Serbia', 'RS', 'SRB'),
(244, 'Aaland Islands', 'AX', 'ALA'),
(245, 'Bonaire, Sint Eustatius and Saba', 'BQ', 'BES'),
(246, 'Curacao', 'CW', 'CUW'),
(247, 'Palestinian Territory, Occupied', 'PS', 'PSE'),
(248, 'South Sudan', 'SS', 'SSD'),
(249, 'St. Barthelemy', 'BL', 'BLM'),
(250, 'St. Martin (French part)', 'MF', 'MAF'),
(251, 'Canary Islands', 'IC', 'ICA'),
(252, 'Ascension Island (British)', 'AC', 'ASC'),
(253, 'Kosovo, Republic of', 'XK', 'UNK'),
(254, 'Isle of Man', 'IM', 'IMN'),
(255, 'Tristan da Cunha', 'TA', 'SHN'),
(256, 'Guernsey', 'GG', 'GGY'),
(257, 'Jersey', 'JE', 'JEY');

-- --------------------------------------------------------

--
-- Struktur dari tabel `customers`
--

CREATE TABLE IF NOT EXISTS `customers` (
  `id` int(10) unsigned NOT NULL AUTO_INCREMENT,
  `customer_id` varchar(15) COLLATE utf8_unicode_ci NOT NULL,
  `customer_name` varchar(100) COLLATE utf8_unicode_ci NOT NULL,
  `address_id` int(11) NOT NULL,
  `phone` varchar(20) COLLATE utf8_unicode_ci NOT NULL,
  `fax` varchar(20) COLLATE utf8_unicode_ci DEFAULT NULL,
  `pic` varchar(100) COLLATE utf8_unicode_ci NOT NULL,
  `pic_phone` varchar(20) COLLATE utf8_unicode_ci NOT NULL,
  `pic_mobile1` varchar(20) COLLATE utf8_unicode_ci DEFAULT NULL,
  `pic_mobile2` varchar(20) COLLATE utf8_unicode_ci DEFAULT NULL,
  `pic_email` varchar(50) COLLATE utf8_unicode_ci NOT NULL,
  `password` varchar(60) COLLATE utf8_unicode_ci NOT NULL,
  `remember_token` varchar(100) COLLATE utf8_unicode_ci DEFAULT NULL,
  `created_at` timestamp NOT NULL DEFAULT '0000-00-00 00:00:00',
  `updated_at` timestamp NOT NULL DEFAULT '0000-00-00 00:00:00',
  PRIMARY KEY (`id`)
) ENGINE=InnoDB  DEFAULT CHARSET=utf8 COLLATE=utf8_unicode_ci AUTO_INCREMENT=13 ;

--
-- Dumping data untuk tabel `customers`
--

INSERT INTO `customers` (`id`, `customer_id`, `customer_name`, `address_id`, `phone`, `fax`, `pic`, `pic_phone`, `pic_mobile1`, `pic_mobile2`, `pic_email`, `password`, `remember_token`, `created_at`, `updated_at`) VALUES
(9, '012016030001936', 'Grafich Dev Pte Ltd', 1, '082298078502', '', 'Gufron RA', '082298078502', '082298078502', '', 'test@gmail.com', '$2y$10$eK.ei902n59yqGI4EAzM2.QuTX0B1yNvcRqZ1kc77GUKXQ9WwFAQ6', '1zwKp4N00gBJNwLEPsM1oxwmS5a9ADfwaXYfhJUS7HEN2Vr2zri3NiGiZAQl', '2016-03-15 22:25:40', '2016-05-11 23:13:11'),
(10, '012016030002682', 'PYT. TEST01', 2, '123455678', '', 'TEST01', '1234567', '123456', '', 'test01@gmail.com', '$2y$10$Nw0TyIu19sacR3f4zCyvleFM5PBv/b7TBsPP3MlDhheMh6X.5lOe.', 'RAb4GgWvgIwNesDgDicrdJaLxTuQbFCp8Y6gkgcLRSnlsQWQ2VUU16EVkcb7', '2016-03-17 08:52:37', '2016-08-02 07:43:36'),
(11, '012016030003972', 'Pt Test02', 3, '1234556', '', 'Test02', '123445', '1234566789', '', 'Test02@gmail.com', '$2y$10$J6E6I/FRmvXx/.t/1AecEu6g9fwBSZvEuwx.eAJaHcKTg41W4/e7u', 'kD82eOAjvdA7RmpTRdYsUrbFP1KquZrsLKRVAojzDyFKvRqb4PTrI1EyuPjS', '2016-03-28 03:43:34', '2016-03-28 04:12:25'),
(12, '012016050004935', 'PT. TEST03', 17, '12354656', '', 'test03', '1341', '12324', '', 'test03@gmail.com', '$2y$10$hk386w4hmarO6hzRbUoEjOu76odzlYxx/oGxfSLGXubFPAb6I5kxS', NULL, '2016-05-10 05:12:45', '2016-05-10 05:12:46');

-- --------------------------------------------------------

--
-- Struktur dari tabel `invoices`
--

CREATE TABLE IF NOT EXISTS `invoices` (
  `id` bigint(20) unsigned NOT NULL AUTO_INCREMENT,
  `customer_id` varchar(15) NOT NULL,
  `billing_id` bigint(20) NOT NULL,
  `amount` decimal(10,2) NOT NULL,
  `invoice_date` datetime NOT NULL,
  `due_date` datetime NOT NULL,
  `address_id` int(11) NOT NULL,
  `item_id` int(11) NOT NULL,
  `status` int(1) NOT NULL,
  `notes` longtext NOT NULL,
  `created_at` timestamp NOT NULL DEFAULT '0000-00-00 00:00:00',
  `updated_at` timestamp NOT NULL DEFAULT '0000-00-00 00:00:00',
  PRIMARY KEY (`id`)
) ENGINE=InnoDB DEFAULT CHARSET=latin1 AUTO_INCREMENT=1 ;

-- --------------------------------------------------------

--
-- Struktur dari tabel `listingmeta`
--

CREATE TABLE IF NOT EXISTS `listingmeta` (
  `meta_id` bigint(20) unsigned NOT NULL AUTO_INCREMENT,
  `listing_id` bigint(20) NOT NULL,
  `meta_key` varchar(255) DEFAULT NULL,
  `meta_value` longtext,
  `created_at` timestamp NOT NULL DEFAULT '0000-00-00 00:00:00',
  `updated_at` timestamp NOT NULL DEFAULT '0000-00-00 00:00:00',
  PRIMARY KEY (`meta_id`),
  KEY `listing_id` (`listing_id`),
  KEY `meta_key` (`meta_key`)
) ENGINE=InnoDB  DEFAULT CHARSET=utf8 AUTO_INCREMENT=67 ;

--
-- Dumping data untuk tabel `listingmeta`
--

INSERT INTO `listingmeta` (`meta_id`, `listing_id`, `meta_key`, `meta_value`, `created_at`, `updated_at`) VALUES
(41, 77, 'listing_views_20160316', '9', '2016-03-16 08:27:52', '2016-03-16 10:41:16'),
(42, 78, 'listing_views_20160316', '4', '2016-03-16 08:33:08', '2016-03-16 09:06:18'),
(43, 77, 'listing_views_20160317', '2', '2016-03-16 17:57:18', '2016-03-16 18:00:49'),
(44, 78, 'listing_views_20160317', '1', '2016-03-16 18:01:00', '2016-03-16 18:01:00'),
(45, 88, 'listing_views_20160317', '1', '2016-03-17 09:17:23', '2016-03-17 09:17:23'),
(46, 84, 'listing_views_20160317', '1', '2016-03-17 10:05:54', '2016-03-17 10:05:54'),
(47, 89, 'listing_views_20160317', '3', '2016-03-17 10:09:46', '2016-03-17 10:14:01'),
(48, 82, 'listing_views_20160317', '1', '2016-03-17 10:11:44', '2016-03-17 10:11:44'),
(49, 89, 'listing_views_20160318', '1', '2016-03-17 17:40:24', '2016-03-17 17:40:24'),
(50, 84, 'listing_views_20160318', '1', '2016-03-17 22:08:21', '2016-03-17 22:08:21'),
(51, 80, 'listing_views_20160318', '28', '2016-03-18 06:53:42', '2016-03-18 15:52:13'),
(52, 78, 'listing_views_20160318', '1', '2016-03-18 06:57:49', '2016-03-18 06:57:49'),
(53, 77, 'listing_views_20160318', '3', '2016-03-18 06:58:19', '2016-03-18 15:52:18'),
(54, 88, 'listing_views_20160318', '1', '2016-03-18 15:34:45', '2016-03-18 15:34:45'),
(55, 83, 'listing_views_20160318', '1', '2016-03-18 16:02:24', '2016-03-18 16:02:24'),
(56, 82, 'listing_views_20160318', '1', '2016-03-18 16:02:54', '2016-03-18 16:02:54'),
(57, 83, 'listing_views_20160320', '1', '2016-03-20 14:46:57', '2016-03-20 14:46:57'),
(58, 80, 'listing_views_20160321', '2', '2016-03-21 03:13:02', '2016-03-21 03:21:39'),
(59, 89, 'listing_views_20160321', '1', '2016-03-21 03:21:40', '2016-03-21 03:21:40'),
(60, 80, 'listing_views_20160324', '1', '2016-03-24 07:37:50', '2016-03-24 07:37:50'),
(61, 80, 'listing_views_20160401', '2', '2016-03-31 23:55:29', '2016-04-01 00:21:48'),
(62, 84, 'listing_views_20160401', '4', '2016-04-01 00:24:09', '2016-04-01 00:26:49'),
(63, 82, 'listing_views_20160401', '1', '2016-04-01 05:31:38', '2016-04-01 05:31:38'),
(64, 89, 'listing_views_20160504', '1', '2016-05-04 07:19:13', '2016-05-04 07:19:13'),
(65, 80, 'listing_views_20160509', '2', '2016-05-09 14:33:37', '2016-05-09 14:34:21'),
(66, 83, 'listing_views_20160512', '1', '2016-05-11 23:05:37', '2016-05-11 23:05:37');

-- --------------------------------------------------------

--
-- Struktur dari tabel `listings`
--

CREATE TABLE IF NOT EXISTS `listings` (
  `id` int(10) unsigned NOT NULL AUTO_INCREMENT,
  `customer_id` varchar(15) COLLATE utf8_unicode_ci NOT NULL,
  `listing_id` varchar(50) COLLATE utf8_unicode_ci DEFAULT NULL,
  `title` varchar(255) COLLATE utf8_unicode_ci DEFAULT NULL,
  `slug` varchar(255) COLLATE utf8_unicode_ci DEFAULT NULL,
  `content` longtext COLLATE utf8_unicode_ci,
  `review` longtext COLLATE utf8_unicode_ci,
  `custom_tab` longtext COLLATE utf8_unicode_ci,
  `custom_tab_title` varchar(100) COLLATE utf8_unicode_ci DEFAULT NULL,
  `category` int(11) DEFAULT NULL,
  `keywords` varchar(255) COLLATE utf8_unicode_ci DEFAULT NULL,
  `tags` varchar(255) COLLATE utf8_unicode_ci DEFAULT NULL,
  `url` varchar(255) COLLATE utf8_unicode_ci DEFAULT NULL,
  `price_from` varchar(255) COLLATE utf8_unicode_ci DEFAULT NULL,
  `price_to` varchar(255) COLLATE utf8_unicode_ci DEFAULT NULL,
  `assets` longtext COLLATE utf8_unicode_ci,
  `package_id` int(10) NOT NULL,
  `expired_date` timestamp NULL DEFAULT NULL,
  `been_active` int(1) NOT NULL DEFAULT '0',
  `status` int(1) NOT NULL DEFAULT '1',
  `created_at` timestamp NOT NULL DEFAULT '0000-00-00 00:00:00',
  `updated_at` timestamp NOT NULL DEFAULT '0000-00-00 00:00:00',
  PRIMARY KEY (`id`),
  UNIQUE KEY `listing_id` (`listing_id`)
) ENGINE=InnoDB  DEFAULT CHARSET=utf8 COLLATE=utf8_unicode_ci AUTO_INCREMENT=108 ;

--
-- Dumping data untuk tabel `listings`
--

INSERT INTO `listings` (`id`, `customer_id`, `listing_id`, `title`, `slug`, `content`, `review`, `custom_tab`, `custom_tab_title`, `category`, `keywords`, `tags`, `url`, `price_from`, `price_to`, `assets`, `package_id`, `expired_date`, `been_active`, `status`, `created_at`, `updated_at`) VALUES
(77, '012016030001936', 'GRAFICHDEVPTELTD77', 'Test Listing edit 2', 'test-listing-edit-2', '<p><strong style="color: rgb(0, 0, 0); font-family: Arial, Helvetica, sans; font-size: 11px; line-height: 14px; text-align: justify;">edit Lorem Ipsum</strong><span style="color: rgb(0, 0, 0); font-family: Arial, Helvetica, sans; font-size: 11px; line-height: 14px; text-align: justify;"> adalah contoh teks atau dummy dalam industri percetakan dan penataan huruf atau typesetting. Lorem Ipsum telah menjadi standar contoh teks sejak tahun 1500an, saat seorang tukang cetak yang tidak dikenal mengambil sebuah kumpulan teks dan mengacaknya untuk menjadi sebuah buku contoh huruf. Ia tidak hanya bertahan selama 5 abad, tapi juga telah beralih ke penataan huruf elektronik, tanpa ada perubahan apapun. Ia mulai dipopulerkan pada tahun 1960 dengan diluncurkannya lembaran-lembaran Letraset yang menggunakan kalimat-kalimat dari Lorem Ipsum, dan seiring munculnya perangkat lunak Desktop Publishing seperti Aldus PageMaker juga memiliki versi Lorem Ipsum.</span><br></p><p><strong style="color: rgb(0, 0, 0); font-family: Arial, Helvetica, sans; font-size: 11px; line-height: 14px; text-align: justify;">Lorem Ipsum</strong><span style="color: rgb(0, 0, 0); font-family: Arial, Helvetica, sans; font-size: 11px; line-height: 14px; text-align: justify;"> adalah contoh teks atau dummy dalam industri percetakan dan penataan huruf atau typesetting. Lorem Ipsum telah menjadi standar contoh teks sejak tahun 1500an, saat seorang tukang cetak yang tidak dikenal mengambil sebuah kumpulan teks dan mengacaknya untuk menjadi sebuah buku contoh huruf. Ia tidak hanya bertahan selama 5 abad, tapi juga telah beralih ke penataan huruf elektronik, tanpa ada perubahan apapun. Ia mulai dipopulerkan pada tahun 1960 dengan diluncurkannya lembaran-lembaran Letraset yang menggunakan kalimat-kalimat dari Lorem Ipsum, dan seiring munculnya perangkat lunak Desktop Publishing seperti Aldus PageMaker juga memiliki versi Lorem Ipsum.</span><span style="color: rgb(0, 0, 0); font-family: Arial, Helvetica, sans; font-size: 11px; line-height: 14px; text-align: justify;"><br></span></p>', NULL, NULL, NULL, 22, 'editkey', 'edittgs', '', '', '', '["storage\\/app\\/listings\\/assets\\/assets\\/Tux_Kernel.png","storage\\/app\\/listings\\/assets\\/assets\\/tux_droid_1.jpg"]', 4, '2016-06-15 06:34:39', 1, 3, '2016-03-15 23:37:37', '2016-05-29 15:20:59'),
(78, '012016030001936', 'GRAFICHDEVPTELTD78', 'Test Listing 2  edit', 'test-listing-2-edit', '<p style="line-height: 20.3px;"><strong style="color: rgb(0, 0, 0); font-family: Arial, Helvetica, sans; font-size: 11px; line-height: 14px; text-align: justify;">edit Lorem Ipsum</strong><span style="color: rgb(0, 0, 0); font-family: Arial, Helvetica, sans; font-size: 11px; line-height: 14px; text-align: justify;"> adalah contoh teks atau dummy dalam industri percetakan dan penataan huruf atau typesetting. Lorem Ipsum telah menjadi standar contoh teks sejak tahun 1500an, saat seorang tukang cetak yang tidak dikenal mengambil sebuah kumpulan teks dan mengacaknya untuk menjadi sebuah buku contoh huruf. Ia tidak hanya bertahan selama 5 abad, tapi juga telah beralih ke penataan huruf elektronik, tanpa ada perubahan apapun. Ia mulai dipopulerkan pada tahun 1960 dengan diluncurkannya lembaran-lembaran Letraset yang menggunakan kalimat-kalimat dari Lorem Ipsum, dan seiring munculnya perangkat lunak Desktop Publishing seperti Aldus PageMaker juga memiliki versi Lorem Ipsum.</span><br></p><p style="line-height: 20.3px;"><strong style="color: rgb(0, 0, 0); font-family: Arial, Helvetica, sans; font-size: 11px; line-height: 14px; text-align: justify;">Lorem Ipsum</strong><span style="color: rgb(0, 0, 0); font-family: Arial, Helvetica, sans; font-size: 11px; line-height: 14px; text-align: justify;"> adalah contoh teks atau dummy dalam industri percetakan dan penataan huruf atau typesetting. Lorem Ipsum telah menjadi standar contoh teks sejak tahun 1500an, saat seorang tukang cetak yang tidak dikenal mengambil sebuah kumpulan teks dan mengacaknya untuk menjadi sebuah buku contoh huruf. Ia tidak hanya bertahan selama 5 abad, tapi juga telah beralih ke penataan huruf elektronik, tanpa ada perubahan apapun. Ia mulai dipopulerkan pada tahun 1960 dengan diluncurkannya lembaran-lembaran Letraset yang menggunakan kalimat-kalimat dari Lorem Ipsum, dan seiring munculnya perangkat lunak Desktop Publishing seperti Aldus PageMaker juga memiliki versi Lorem Ipsum.</span></p>', NULL, NULL, NULL, 22, 'edit key', 'edit tags', '', '', '', '["storage\\/app\\/listings\\/assets\\/assets\\/Linux_kernel_ubiquity.svg.png"]', 3, '2016-04-16 06:34:59', 1, 3, '2016-03-15 23:37:37', '2016-05-29 15:32:58'),
(79, '012016030001936', 'GRAFICHDEVPTELTD79', 'Accusantium doloremque laudantium', 'accusantium-doloremque-laudantium', '<p><span style="color: rgb(0, 0, 0); font-family: Arial, Helvetica, sans; font-size: 11px; line-height: 14px; text-align: justify;">Sed ut perspiciatis unde omnis iste natus error sit voluptatem accusantium doloremque laudantium, totam rem aperiam, eaque ipsa quae ab illo inventore veritatis et quasi architecto beatae vitae dicta sunt explicabo. Nemo enim ipsam voluptatem quia voluptas sit aspernatur aut odit aut fugit, sed quia consequuntur magni dolores eos qui ratione voluptatem sequi nesciunt. Neque porro quisquam est, qui dolorem ipsum quia dolor sit amet, consectetur, adipisci velit, sed quia non numquam eius modi tempora incidunt ut labore et dolore magnam aliquam quaerat voluptatem. Ut enim ad minima veniam, quis nostrum exercitationem ullam corporis suscipit laboriosam, nisi ut aliquid ex ea commodi consequatur? Quis autem vel eum iure reprehenderit qui in ea voluptate velit esse quam nihil molestiae consequatur, vel illum qui dolorem eum fugiat quo voluptas nulla pariatur?"</span><br></p>', NULL, NULL, NULL, 32, 'saik lah', 'nice', '', '', '', '["storage\\/app\\/listings\\/assets\\/assets\\/Screenshot_from_2016-05-29_19_40_05.png"]', 4, '2016-09-13 08:41:50', 1, 3, '2016-03-16 05:47:10', '2016-05-29 15:33:33'),
(80, '012016030001936', 'GRAFICHDEVPTELTD80', 'edit Test Listing 3', 'edit-test-listing-3', '<p><span style="color: rgb(0, 0, 0); font-family: Arial, Helvetica, sans; font-size: 11px; line-height: 14px; text-align: justify;">edit Sed ut perspiciatis unde omnis iste natus error sit voluptatem accusantium doloremque laudantium, totam rem aperiam, eaque ipsa quae ab illo inventore veritatis et quasi architecto beatae vitae dicta sunt explicabo. Nemo enim ipsam voluptatem quia voluptas sit aspernatur aut odit aut fugit, sed quia consequuntur magni dolores eos qui ratione voluptatem sequi nesciunt. Neque porro quisquam est, qui dolorem ipsum quia dolor sit amet, consectetur, adipisci velit, sed quia non numquam eius modi tempora incidunt ut labore et dolore magnam aliquam quaerat voluptatem. Ut enim ad minima veniam, quis nostrum exercitationem ullam corporis suscipit laboriosam, nisi ut aliquid ex ea commodi consequatur? Quis autem vel eum iure reprehenderit qui in ea voluptate velit esse quam nihil molestiae consequatur, vel illum qui dolorem eum fugiat quo voluptas nulla pariatur?"</span><br></p>', NULL, NULL, NULL, 22, 'edit key', 'edit tags', '', '', '', '["storage\\/app\\/listings\\/assets\\/assets\\/Screenshot_from_2016-05-23_17_42_51.png"]', 3, '2016-07-15 06:35:06', 1, 3, '2016-03-16 05:47:10', '2016-05-29 15:33:46'),
(81, '012016030001936', 'GRAFICHDEVPTELTD81', 'Quasi architecto beatae eedit', 'quasi-architecto-beatae-eedit', '<p><span style="color: rgb(0, 0, 0); font-family: Arial, Helvetica, sans; font-size: 11px; line-height: 14px; text-align: justify;">Sed ut perspiciatis unde omnis iste natus error sit voluptatem accusantium doloremque laudantium, totam rem aperiam, eaque ipsa quae ab illo inventore veritatis et quasi architecto beatae vitae dicta sunt explicabo. Nemo enim ipsam voluptatem quia voluptas sit aspernatur aut odit aut fugit, sed quia consequuntur magni dolores eos qui ratione voluptatem sequi nesciunt. Neque porro quisquam est, qui dolorem ipsum quia dolor sit amet, consectetur, adipisci velit, sed quia non numquam eius modi tempora incidunt ut labore et dolore magnam aliquam quaerat voluptatem. Ut enim ad minima veniam, quis nostrum exercitationem ullam corporis suscipit laboriosam, nisi ut aliquid ex ea commodi consequatur? Quis autem vel eum iure reprehenderit qui in ea voluptate velit esse quam nihil molestiae consequatur, vel illum qui dolorem eum fugiat quo voluptas nulla pariatur?"</span><br></p>', NULL, NULL, NULL, 44, 'saik lah', 'nice', '', '', '', '["storage\\/app\\/listings\\/assets\\/assets\\/Screenshot_from_2016-05-26_17_08_10.png"]', 4, '2016-06-15 06:35:09', 1, 3, '2016-03-16 05:47:10', '2016-05-29 15:34:05'),
(82, '012016030001936', 'GRAFICHDEVPTELTD82', 'Architecto beatae vitae ', 'architecto-beatae-vitae', '<p><span style="color: rgb(0, 0, 0); font-family: Arial, Helvetica, sans; font-size: 11px; line-height: 14px; text-align: justify;">edit Sed ut perspiciatis unde omnis iste natus error sit voluptatem accusantium doloremque laudantium, totam rem aperiam, eaque ipsa quae ab illo inventore veritatis et quasi architecto beatae vitae dicta sunt explicabo. Nemo enim ipsam voluptatem quia voluptas sit aspernatur aut odit aut fugit, sed quia consequuntur magni dolores eos qui ratione voluptatem sequi nesciunt. Neque porro quisquam est, qui dolorem ipsum quia dolor sit amet, consectetur, adipisci velit, sed quia non numquam eius modi tempora incidunt ut labore et dolore magnam aliquam quaerat voluptatem. Ut enim ad minima veniam, quis nostrum exercitationem ullam corporis suscipit laboriosam, nisi ut aliquid ex ea commodi consequatur? Quis autem vel eum iure reprehenderit qui in ea voluptate velit esse quam nihil molestiae consequatur, vel illum qui dolorem eum fugiat quo voluptas nulla pariatur?"</span><br></p>', NULL, NULL, NULL, 22, 'edit key', 'edit tags', '', '', '', '["storage\\/app\\/listings\\/assets\\/post-3.jpg"]', 3, '2016-04-16 06:35:30', 1, 3, '2016-03-16 05:47:10', '2016-05-26 11:49:35'),
(83, '012016030001936', 'GRAFICHDEVPTELTD83', 'Test Listing hehehe', 'test-listing-hehehe', '<p>Test Lorem Ipsum</p>', '<p><br></p>', '<p><br></p>', '', 32, '', '', '', '', '', '["storage\\/app\\/listings\\/assets\\/car-painting.png"]', 3, '2016-04-16 06:35:26', 1, 2, '2016-03-16 08:50:30', '2016-05-11 23:26:41'),
(84, '012016030001936', 'GRAFICHDEVPTELTD84', 'At vero eos et accusamus', 'at-vero-eos-et-accusamus', '<p><span style="color: rgb(0, 0, 0); font-family: Arial, Helvetica, sans; font-size: 11px; line-height: 14px; text-align: justify;">At vero eos et accusamus et iusto odio dignissimos ducimus qui blanditiis praesentium voluptatum deleniti atque corrupti quos dolores et quas molestias excepturi sint occaecati cupiditate non provident, similique sunt in culpa qui officia deserunt mollitia animi, id est laborum et dolorum fuga. Et harum quidem rerum facilis est et expedita distinctio. Nam libero tempore, cum soluta nobis est eligendi optio cumque nihil impedit quo minus id quod maxime placeat facere possimus, omnis voluptas assumenda est, omnis dolor repellendus. Temporibus autem quibusdam et aut officiis debitis aut rerum necessitatibus saepe eveniet ut et voluptates repudiandae sint et molestiae non recusandae. Itaque earum rerum hic tenetur a sapiente delectus, ut aut reiciendis voluptatibus maiores alias consequatur aut perferendis doloribus asperiores repellat</span><br></p>', '<p><span style="color: rgb(0, 0, 0); font-family: Arial, Helvetica, sans; font-size: 11px; line-height: 14px; text-align: justify;">At vero eos et accusamus et iusto odio dignissimos ducimus qui blanditiis praesentium voluptatum deleniti atque corrupti quos dolores et quas molestias excepturi sint occaecati cupiditate non provident, similique sunt in culpa qui officia deserunt mollitia animi, id est laborum et dolorum fuga. Et harum quidem rerum facilis est et expedita distinctio. Nam libero tempore, cum soluta nobis est eligendi optio cumque nihil impedit quo minus id quod maxime placeat facere possimus, omnis voluptas assumenda est, omnis dolor repellendus. Temporibus autem quibusdam et aut officiis debitis aut rerum necessitatibus saepe eveniet ut et voluptates repudiandae sint et molestiae non recusandae. Itaque earum rerum hic tenetur a sapiente delectus, ut aut reiciendis voluptatibus maiores alias consequatur aut perferendis doloribus asperiores repellat</span><br></p>', '<p><span style="color: rgb(0, 0, 0); font-family: Arial, Helvetica, sans; font-size: 11px; line-height: 14px; text-align: justify;">At vero eos et accusamus et iusto odio dignissimos ducimus qui blanditiis praesentium voluptatum deleniti atque corrupti quos dolores et quas molestias excepturi sint occaecati cupiditate non provident, similique sunt in culpa qui officia deserunt mollitia animi, id est laborum et dolorum fuga. Et harum quidem rerum facilis est et expedita distinctio. Nam libero tempore, cum soluta nobis est eligendi optio cumque nihil impedit quo minus id quod maxime placeat facere possimus, omnis voluptas assumenda est, omnis dolor repellendus. Temporibus autem quibusdam et aut officiis debitis aut rerum necessitatibus saepe eveniet ut et voluptates repudiandae sint et molestiae non recusandae. Itaque earum rerum hic tenetur a sapiente delectus, ut aut reiciendis voluptatibus maiores alias consequatur aut perferendis doloribus asperiores repellat</span><br></p>', 'Custom Tab Title', 32, '', '', '', '', '', '["storage\\/app\\/listings\\/assets\\/20130801_075319_20130801_GaransiCarCare-01.jpg"]', 4, '2016-06-15 23:06:06', 1, 4, '2016-03-17 05:47:35', '2016-05-10 05:08:30'),
(86, '012016030001936', 'GRAFICHDEVPTELTD86', NULL, NULL, NULL, NULL, NULL, NULL, NULL, NULL, NULL, NULL, NULL, NULL, NULL, 3, NULL, 0, 6, '2016-03-17 08:46:41', '2016-03-17 09:34:19'),
(87, '012016030001936', 'GRAFICHDEVPTELTD87', NULL, '-16', NULL, NULL, NULL, NULL, NULL, NULL, NULL, NULL, NULL, NULL, NULL, 3, NULL, 0, 6, '2016-03-17 08:46:41', '2016-03-28 07:28:43'),
(88, '012016030002682', 'PYTTEST0188', 'Test 01 17 maret', 'test-01-17-maret', '<p>Fghkkjuijnvbm ggyikmn cfhik,nn</p>', NULL, NULL, NULL, 41, '', '', 'www.test01.com', '1000', '2000', '["storage\\/app\\/listings\\/assets\\/Default2.jpg"]', 3, '2016-04-16 09:07:12', 1, 3, '2016-03-17 08:54:23', '2016-03-17 09:31:58'),
(89, '012016030002682', 'PYTTEST0189', 'Test02', 'test02', '<p>Ksksjiknh nbxgys hxusu hxgsg gn,ocusbxhild bxyui hhmxjsh</p>', NULL, NULL, NULL, 32, '', '', '', '500000', '', '["storage\\/app\\/listings\\/assets\\/image.jpeg"]', 3, '2016-04-16 09:18:50', 1, 3, '2016-03-17 09:13:14', '2016-03-17 09:18:50'),
(90, '012016030002682', 'PYTTEST0190', NULL, '-12', NULL, NULL, NULL, NULL, NULL, NULL, NULL, NULL, NULL, NULL, NULL, 4, NULL, 0, 6, '2016-03-17 09:36:05', '2016-03-28 04:00:22'),
(91, '012016030003972', 'PTTEST0291', NULL, '-13', NULL, NULL, NULL, NULL, NULL, NULL, NULL, NULL, NULL, NULL, NULL, 3, NULL, 0, 6, '2016-03-28 03:50:13', '2016-03-28 04:01:08'),
(92, '012016030003972', 'PTTEST0292', NULL, '-14', NULL, NULL, NULL, NULL, NULL, NULL, NULL, NULL, NULL, NULL, NULL, 3, NULL, 0, 6, '2016-03-28 03:50:13', '2016-03-28 04:05:07'),
(93, '012016030003972', 'PTTEST0293', NULL, '-15', NULL, NULL, NULL, NULL, NULL, NULL, NULL, NULL, NULL, NULL, NULL, 4, NULL, 0, 6, '2016-03-28 03:50:13', '2016-03-28 04:05:17'),
(94, '012016030001936', 'GRAFICHDEVPTELTD94', NULL, '-19', NULL, NULL, NULL, NULL, NULL, NULL, NULL, NULL, NULL, NULL, NULL, 3, NULL, 0, 6, '2016-05-09 13:54:45', '2016-05-09 14:03:41'),
(95, '012016030001936', 'GRAFICHDEVPTELTD95', NULL, '-18', NULL, NULL, NULL, NULL, NULL, NULL, NULL, NULL, NULL, NULL, NULL, 3, NULL, 0, 1, '2016-05-09 13:54:45', '2016-05-09 13:54:45'),
(96, '', NULL, 'New Listing', 'new-listing', '<p><span style="color: rgb(0, 0, 0); font-family: ''Open Sans'', Arial, sans-serif; line-height: 20px; text-align: justify;">Lorem ipsum dolor sit amet, consectetur adipiscing elit. Praesent id vestibulum lacus. Maecenas iaculis nisl vel suscipit vulputate. Nunc dapibus nisl sit amet posuere faucibus. In hac habitasse platea dictumst. Ut vulputate ut magna nec finibus. Vestibulum lobortis, neque vel aliquam blandit, risus tellus convallis tortor, quis fermentum dui dolor nec urna. Curabitur faucibus massa nec nibh lobortis, vel vehicula justo rhoncus. Ut posuere ipsum sit amet nibh interdum, in placerat lorem commodo. Quisque non eleifend magna, sit amet condimentum libero. Donec mollis sem ac tellus rhoncus, ac tincidunt lorem rutrum. Nunc vel odio vitae tortor convallis malesuada. Suspendisse tempor, augue a aliquam sagittis, lacus arcu porta enim, ac ultricies nulla lorem ut mi. Donec bibendum justo purus, a venenatis velit placerat id. Mauris mattis, dui in eleifend scelerisque, purus lorem pharetra diam, eget mollis nisi magna mattis nunc.</span><br></p>', NULL, NULL, NULL, 22, 'test keyword', 'test tags', NULL, NULL, NULL, NULL, 0, NULL, 0, 1, '2016-05-27 01:47:53', '2016-05-27 01:47:53'),
(97, '', NULL, 'New Listing', 'new-listing-1', '<p><span style="color: rgb(0, 0, 0); font-family: ''Open Sans'', Arial, sans-serif; line-height: 20px; text-align: justify;">Lorem ipsum dolor sit amet, consectetur adipiscing elit. Praesent id vestibulum lacus. Maecenas iaculis nisl vel suscipit vulputate. Nunc dapibus nisl sit amet posuere faucibus. In hac habitasse platea dictumst. Ut vulputate ut magna nec finibus. Vestibulum lobortis, neque vel aliquam blandit, risus tellus convallis tortor, quis fermentum dui dolor nec urna. Curabitur faucibus massa nec nibh lobortis, vel vehicula justo rhoncus. Ut posuere ipsum sit amet nibh interdum, in placerat lorem commodo. Quisque non eleifend magna, sit amet condimentum libero. Donec mollis sem ac tellus rhoncus, ac tincidunt lorem rutrum. Nunc vel odio vitae tortor convallis malesuada. Suspendisse tempor, augue a aliquam sagittis, lacus arcu porta enim, ac ultricies nulla lorem ut mi. Donec bibendum justo purus, a venenatis velit placerat id. Mauris mattis, dui in eleifend scelerisque, purus lorem pharetra diam, eget mollis nisi magna mattis nunc.</span><br></p>', NULL, NULL, NULL, 22, 'test keyword', 'test tags', NULL, NULL, NULL, NULL, 0, NULL, 0, 1, '2016-05-27 01:50:01', '2016-05-27 01:50:01'),
(98, '', NULL, 'New Listing', 'new-listing-2', '<p><span style="color: rgb(0, 0, 0); font-family: ''Open Sans'', Arial, sans-serif; line-height: 20px; text-align: justify;">Lorem ipsum dolor sit amet, consectetur adipiscing elit. Praesent id vestibulum lacus. Maecenas iaculis nisl vel suscipit vulputate. Nunc dapibus nisl sit amet posuere faucibus. In hac habitasse platea dictumst. Ut vulputate ut magna nec finibus. Vestibulum lobortis, neque vel aliquam blandit, risus tellus convallis tortor, quis fermentum dui dolor nec urna. Curabitur faucibus massa nec nibh lobortis, vel vehicula justo rhoncus. Ut posuere ipsum sit amet nibh interdum, in placerat lorem commodo. Quisque non eleifend magna, sit amet condimentum libero. Donec mollis sem ac tellus rhoncus, ac tincidunt lorem rutrum. Nunc vel odio vitae tortor convallis malesuada. Suspendisse tempor, augue a aliquam sagittis, lacus arcu porta enim, ac ultricies nulla lorem ut mi. Donec bibendum justo purus, a venenatis velit placerat id. Mauris mattis, dui in eleifend scelerisque, purus lorem pharetra diam, eget mollis nisi magna mattis nunc.</span><br></p>', NULL, NULL, NULL, 22, 'test keyword', 'test tags', NULL, NULL, NULL, NULL, 0, NULL, 0, 1, '2016-05-27 01:51:24', '2016-05-27 01:51:24'),
(99, '', NULL, 'New Listing', 'new-listing-3', '<p><span style="color: rgb(0, 0, 0); font-family: ''Open Sans'', Arial, sans-serif; line-height: 20px; text-align: justify;">Lorem ipsum dolor sit amet, consectetur adipiscing elit. Praesent id vestibulum lacus. Maecenas iaculis nisl vel suscipit vulputate. Nunc dapibus nisl sit amet posuere faucibus. In hac habitasse platea dictumst. Ut vulputate ut magna nec finibus. Vestibulum lobortis, neque vel aliquam blandit, risus tellus convallis tortor, quis fermentum dui dolor nec urna. Curabitur faucibus massa nec nibh lobortis, vel vehicula justo rhoncus. Ut posuere ipsum sit amet nibh interdum, in placerat lorem commodo. Quisque non eleifend magna, sit amet condimentum libero. Donec mollis sem ac tellus rhoncus, ac tincidunt lorem rutrum. Nunc vel odio vitae tortor convallis malesuada. Suspendisse tempor, augue a aliquam sagittis, lacus arcu porta enim, ac ultricies nulla lorem ut mi. Donec bibendum justo purus, a venenatis velit placerat id. Mauris mattis, dui in eleifend scelerisque, purus lorem pharetra diam, eget mollis nisi magna mattis nunc.</span><br></p>', NULL, NULL, NULL, 22, 'test keyword', 'test tags', NULL, NULL, NULL, NULL, 0, NULL, 0, 1, '2016-05-27 01:52:09', '2016-05-27 01:52:09'),
(100, '', NULL, 'New Listing', 'new-listing-4', '<p><span style="color: rgb(0, 0, 0); font-family: ''Open Sans'', Arial, sans-serif; line-height: 20px; text-align: justify;">Lorem ipsum dolor sit amet, consectetur adipiscing elit. Praesent id vestibulum lacus. Maecenas iaculis nisl vel suscipit vulputate. Nunc dapibus nisl sit amet posuere faucibus. In hac habitasse platea dictumst. Ut vulputate ut magna nec finibus. Vestibulum lobortis, neque vel aliquam blandit, risus tellus convallis tortor, quis fermentum dui dolor nec urna. Curabitur faucibus massa nec nibh lobortis, vel vehicula justo rhoncus. Ut posuere ipsum sit amet nibh interdum, in placerat lorem commodo. Quisque non eleifend magna, sit amet condimentum libero. Donec mollis sem ac tellus rhoncus, ac tincidunt lorem rutrum. Nunc vel odio vitae tortor convallis malesuada. Suspendisse tempor, augue a aliquam sagittis, lacus arcu porta enim, ac ultricies nulla lorem ut mi. Donec bibendum justo purus, a venenatis velit placerat id. Mauris mattis, dui in eleifend scelerisque, purus lorem pharetra diam, eget mollis nisi magna mattis nunc.</span><br></p>', NULL, NULL, NULL, 22, 'test keyword', 'test tags', NULL, NULL, NULL, NULL, 0, NULL, 0, 1, '2016-05-27 01:52:49', '2016-05-27 01:52:49'),
(101, '', NULL, 'New Listing', 'new-listing-5', '<p><span style="color: rgb(0, 0, 0); font-family: ''Open Sans'', Arial, sans-serif; line-height: 20px; text-align: justify;">Lorem ipsum dolor sit amet, consectetur adipiscing elit. Praesent id vestibulum lacus. Maecenas iaculis nisl vel suscipit vulputate. Nunc dapibus nisl sit amet posuere faucibus. In hac habitasse platea dictumst. Ut vulputate ut magna nec finibus. Vestibulum lobortis, neque vel aliquam blandit, risus tellus convallis tortor, quis fermentum dui dolor nec urna. Curabitur faucibus massa nec nibh lobortis, vel vehicula justo rhoncus. Ut posuere ipsum sit amet nibh interdum, in placerat lorem commodo. Quisque non eleifend magna, sit amet condimentum libero. Donec mollis sem ac tellus rhoncus, ac tincidunt lorem rutrum. Nunc vel odio vitae tortor convallis malesuada. Suspendisse tempor, augue a aliquam sagittis, lacus arcu porta enim, ac ultricies nulla lorem ut mi. Donec bibendum justo purus, a venenatis velit placerat id. Mauris mattis, dui in eleifend scelerisque, purus lorem pharetra diam, eget mollis nisi magna mattis nunc.</span><br></p>', NULL, NULL, NULL, 22, 'test keyword', 'test tags', NULL, NULL, NULL, NULL, 0, NULL, 0, 1, '2016-05-27 01:53:08', '2016-05-27 01:53:08'),
(102, '', NULL, 'New Listing', 'new-listing-6', '<p><span style="color: rgb(0, 0, 0); font-family: ''Open Sans'', Arial, sans-serif; line-height: 20px; text-align: justify;">Lorem ipsum dolor sit amet, consectetur adipiscing elit. Nunc suscipit, lorem vitae pellentesque rutrum, ipsum neque bibendum ante, nec commodo tellus orci in sapien. Proin posuere gravida purus sit amet gravida. Fusce scelerisque dictum velit vitae consectetur. Phasellus lorem lorem, gravida at ultrices quis, tempus vitae odio. Morbi ullamcorper ac nisl sed imperdiet. Praesent suscipit condimentum eros sed tincidunt. Morbi commodo nulla ante. Vestibulum sed quam enim. In commodo ultricies vehicula. Phasellus ullamcorper dictum lectus, a placerat risus pulvinar quis. Integer efficitur est sit amet tortor rhoncus, eu pellentesque risus aliquam. Suspendisse finibus, justo non venenatis dignissim, mauris ante aliquam ipsum, ut egestas velit ante sed ex. Duis maximus rhoncus justo ac pretium. Aliquam eu velit et augue viverra tristique. Morbi vitae arcu magna.</span><br></p>', NULL, NULL, NULL, 22, 'new key', 'new tags', NULL, NULL, NULL, NULL, 0, NULL, 0, 1, '2016-05-27 02:22:03', '2016-05-27 02:22:03'),
(103, '', NULL, 'New Listing', 'new-listing-7', '<p><span style="color: rgb(0, 0, 0); font-family: ''Open Sans'', Arial, sans-serif; line-height: 20px; text-align: justify;">Lorem ipsum dolor sit amet, consectetur adipiscing elit. Nunc suscipit, lorem vitae pellentesque rutrum, ipsum neque bibendum ante, nec commodo tellus orci in sapien. Proin posuere gravida purus sit amet gravida. Fusce scelerisque dictum velit vitae consectetur. Phasellus lorem lorem, gravida at ultrices quis, tempus vitae odio. Morbi ullamcorper ac nisl sed imperdiet. Praesent suscipit condimentum eros sed tincidunt. Morbi commodo nulla ante. Vestibulum sed quam enim. In commodo ultricies vehicula. Phasellus ullamcorper dictum lectus, a placerat risus pulvinar quis. Integer efficitur est sit amet tortor rhoncus, eu pellentesque risus aliquam. Suspendisse finibus, justo non venenatis dignissim, mauris ante aliquam ipsum, ut egestas velit ante sed ex. Duis maximus rhoncus justo ac pretium. Aliquam eu velit et augue viverra tristique. Morbi vitae arcu magna.</span><br></p>', NULL, NULL, NULL, 22, 'new key', 'new tags', NULL, NULL, NULL, NULL, 0, NULL, 0, 1, '2016-05-27 02:24:56', '2016-05-27 02:24:56'),
(104, '', NULL, 'New Listing', 'new-listing-9', '<p><span style="color: rgb(0, 0, 0); font-family: ''Open Sans'', Arial, sans-serif; line-height: 20px; text-align: justify;">Lorem ipsum dolor sit amet, consectetur adipiscing elit. Nunc suscipit, lorem vitae pellentesque rutrum, ipsum neque bibendum ante, nec commodo tellus orci in sapien. Proin posuere gravida purus sit amet gravida. Fusce scelerisque dictum velit vitae consectetur. Phasellus lorem lorem, gravida at ultrices quis, tempus vitae odio. Morbi ullamcorper ac nisl sed imperdiet. Praesent suscipit condimentum eros sed tincidunt. Morbi commodo nulla ante. Vestibulum sed quam enim. In commodo ultricies vehicula. Phasellus ullamcorper dictum lectus, a placerat risus pulvinar quis. Integer efficitur est sit amet tortor rhoncus, eu pellentesque risus aliquam. Suspendisse finibus, justo non venenatis dignissim, mauris ante aliquam ipsum, ut egestas velit ante sed ex. Duis maximus rhoncus justo ac pretium. Aliquam eu velit et augue viverra tristique. Morbi vitae arcu magna.</span><br></p>', NULL, NULL, NULL, 22, 'new key', 'new tags', NULL, NULL, NULL, NULL, 0, NULL, 0, 1, '2016-05-27 02:26:41', '2016-05-27 02:35:09'),
(105, '', NULL, 'New Listing', 'new-listing-10', '<p><span style="color: rgb(0, 0, 0); font-family: ''Open Sans'', Arial, sans-serif; line-height: 20px; text-align: justify;">Lorem ipsum dolor sit amet, consectetur adipiscing elit. Nunc suscipit, lorem vitae pellentesque rutrum, ipsum neque bibendum ante, nec commodo tellus orci in sapien. Proin posuere gravida purus sit amet gravida. Fusce scelerisque dictum velit vitae consectetur. Phasellus lorem lorem, gravida at ultrices quis, tempus vitae odio. Morbi ullamcorper ac nisl sed imperdiet. Praesent suscipit condimentum eros sed tincidunt. Morbi commodo nulla ante. Vestibulum sed quam enim. In commodo ultricies vehicula. Phasellus ullamcorper dictum lectus, a placerat risus pulvinar quis. Integer efficitur est sit amet tortor rhoncus, eu pellentesque risus aliquam. Suspendisse finibus, justo non venenatis dignissim, mauris ante aliquam ipsum, ut egestas velit ante sed ex. Duis maximus rhoncus justo ac pretium. Aliquam eu velit et augue viverra tristique. Morbi vitae arcu magna.</span><br></p>', NULL, NULL, NULL, 22, 'new key', 'new tags', NULL, NULL, NULL, NULL, 0, NULL, 0, 1, '2016-05-27 02:35:26', '2016-05-27 02:35:26'),
(106, '', NULL, 'new Listing by aldi', 'new-listing-by-aldi', '<p><span style="color: rgb(82, 82, 82); font-family: "Source Sans Pro", sans-serif; font-size: 14.5px; line-height: 24.65px;">The </span><code class=" language-php" style="font-family: Consolas, Monaco, "Andale Mono", monospace; font-size: 11px; color: rgb(244, 100, 95); padding: 1px 5px; border-radius: 3px; text-shadow: white 0px 1px; direction: ltr; white-space: pre; word-break: normal; line-height: 2; tab-size: 4; box-shadow: rgba(0, 0, 0, 0.121569) 0px 1px 1px; vertical-align: middle; background: rgb(240, 242, 241);"><span class="token keyword" style="color: rgb(0, 119, 170);">array</span></code><span style="color: rgb(82, 82, 82); font-family: "Source Sans Pro", sans-serif; font-size: 14.5px; line-height: 24.65px;"> cast type is particularly useful when working with columns that are stored as serialized JSON. For example, if your database has a </span><code class=" language-php" style="font-family: Consolas, Monaco, "Andale Mono", monospace; font-size: 11px; color: rgb(244, 100, 95); padding: 1px 5px; border-radius: 3px; text-shadow: white 0px 1px; direction: ltr; white-space: pre; word-break: normal; line-height: 2; tab-size: 4; box-shadow: rgba(0, 0, 0, 0.121569) 0px 1px 1px; vertical-align: middle; background: rgb(240, 242, 241);"><span class="token constant" style="color: rgb(218, 86, 74);">TEXT</span></code><span style="color: rgb(82, 82, 82); font-family: "Source Sans Pro", sans-serif; font-size: 14.5px; line-height: 24.65px;"> field type that contains serialized JSON, adding the</span><code class=" language-php" style="font-family: Consolas, Monaco, "Andale Mono", monospace; font-size: 11px; color: rgb(244, 100, 95); padding: 1px 5px; border-radius: 3px; text-shadow: white 0px 1px; direction: ltr; white-space: pre; word-break: normal; line-height: 2; tab-size: 4; box-shadow: rgba(0, 0, 0, 0.121569) 0px 1px 1px; vertical-align: middle; background: rgb(240, 242, 241);"><span class="token keyword" style="color: rgb(0, 119, 170);">array</span></code><span style="color: rgb(82, 82, 82); font-family: "Source Sans Pro", sans-serif; font-size: 14.5px; line-height: 24.65px;"> cast to that attribute will automatically deserialize the attribute to a PHP array when you access it on your Eloquent model:</span><br></p>', NULL, NULL, NULL, 22, 'keywords', 'tags', NULL, NULL, NULL, NULL, 0, NULL, 0, 1, '2016-05-29 15:35:40', '2016-05-29 15:35:40'),
(107, '', NULL, 'new Listing by aldi', 'new-listing-by-aldi-1', '<p><span style="color: rgb(82, 82, 82); font-family: "Source Sans Pro", sans-serif; font-size: 14.5px; line-height: 24.65px;">Once the cast is defined, you may access the </span><code class=" language-php" style="font-family: Consolas, Monaco, "Andale Mono", monospace; font-size: 11px; color: rgb(244, 100, 95); padding: 1px 5px; border-radius: 3px; text-shadow: white 0px 1px; direction: ltr; white-space: pre; word-break: normal; line-height: 2; tab-size: 4; box-shadow: rgba(0, 0, 0, 0.121569) 0px 1px 1px; vertical-align: middle; background: rgb(240, 242, 241);">options</code><span style="color: rgb(82, 82, 82); font-family: "Source Sans Pro", sans-serif; font-size: 14.5px; line-height: 24.65px;"> attribute and it will automatically be deserialized from JSON into a PHP array. When you set the value of the </span><code class=" language-php" style="font-family: Consolas, Monaco, "Andale Mono", monospace; font-size: 11px; color: rgb(244, 100, 95); padding: 1px 5px; border-radius: 3px; text-shadow: white 0px 1px; direction: ltr; white-space: pre; word-break: normal; line-height: 2; tab-size: 4; box-shadow: rgba(0, 0, 0, 0.121569) 0px 1px 1px; vertical-align: middle; background: rgb(240, 242, 241);">options</code><span style="color: rgb(82, 82, 82); font-family: "Source Sans Pro", sans-serif; font-size: 14.5px; line-height: 24.65px;"> attribute, the given array will automatically be serialized back into JSON for storage:</span><br></p>', NULL, NULL, NULL, 22, 'keywords', 'tags', NULL, NULL, NULL, '["storage\\/app\\/listings\\/assets\\/assets\\/tux_droid_1.jpg"]', 0, NULL, 0, 1, '2016-05-29 15:38:15', '2016-05-29 15:38:15');

-- --------------------------------------------------------

--
-- Struktur dari tabel `listings_categories`
--

CREATE TABLE IF NOT EXISTS `listings_categories` (
  `id` int(10) unsigned NOT NULL AUTO_INCREMENT,
  `title` varchar(255) COLLATE utf8_unicode_ci NOT NULL,
  `slug` varchar(255) COLLATE utf8_unicode_ci NOT NULL,
  `parent` int(11) DEFAULT NULL,
  `status` int(1) NOT NULL DEFAULT '0',
  `created_at` timestamp NOT NULL DEFAULT '0000-00-00 00:00:00',
  `updated_at` timestamp NOT NULL DEFAULT '0000-00-00 00:00:00',
  PRIMARY KEY (`id`)
) ENGINE=InnoDB  DEFAULT CHARSET=utf8 COLLATE=utf8_unicode_ci AUTO_INCREMENT=54 ;

--
-- Dumping data untuk tabel `listings_categories`
--

INSERT INTO `listings_categories` (`id`, `title`, `slug`, `parent`, `status`, `created_at`, `updated_at`) VALUES
(22, 'Category 1', 'category-1', 0, 0, '2016-03-15 20:21:33', '2016-05-20 06:37:48'),
(23, 'Category 2', 'category-2', 0, 0, '2016-03-15 20:22:07', '2016-03-15 20:22:07'),
(24, 'Category 3', 'category-3', 0, 0, '2016-03-15 20:22:16', '2016-03-15 20:22:16'),
(25, 'Sub Category 1.1', 'sub-category-1-1', 22, 0, '2016-03-15 20:44:05', '2016-03-15 20:44:05'),
(26, 'Category 4', 'category-4', 0, 0, '2016-03-15 20:45:23', '2016-03-15 20:45:23'),
(27, 'Sub Category 5', 'sub-category-5', 27, 0, '2016-03-15 20:45:33', '2016-05-10 05:17:14'),
(28, 'Category 6', 'category-6', 0, 0, '2016-03-15 20:45:44', '2016-03-15 20:45:44'),
(29, 'Sub Category 1.2', 'sub-category-1-2', 22, 0, '2016-03-15 20:46:09', '2016-03-15 20:46:09'),
(30, 'Sub Category 1.3', 'sub-category-1-3', 22, 0, '2016-03-15 20:46:26', '2016-03-15 20:46:26'),
(31, 'Sub Category 1.4', 'sub-category-1-4', 22, 0, '2016-03-15 20:46:44', '2016-03-15 20:47:56'),
(32, 'Sub Category 2.1', 'sub-category-2-1', 23, 0, '2016-03-15 20:54:00', '2016-03-15 20:54:11'),
(33, 'Sub Category 2.2', 'sub-category-2-2', 23, 0, '2016-03-15 20:54:26', '2016-03-15 20:54:26'),
(34, 'Sub Category 2.3', 'sub-category-2-3', 23, 0, '2016-03-15 20:54:42', '2016-03-15 20:54:42'),
(35, 'Sub Category 2.4', 'sub-category-2-4', 23, 0, '2016-03-15 20:54:56', '2016-03-15 20:54:56'),
(36, 'Sub Category 3.1', 'sub-category-3-1', 24, 0, '2016-03-15 20:55:14', '2016-03-15 20:55:14'),
(37, 'Sub Category 3.2', 'sub-category-3-2', 24, 0, '2016-03-15 20:55:33', '2016-03-15 20:55:57'),
(38, 'Sub Category 3.3', 'sub-category-3-3', 24, 0, '2016-03-15 20:57:11', '2016-03-15 20:57:11'),
(39, 'Sub Category 3.4', 'sub-category-3-4', 24, 0, '2016-03-15 20:57:25', '2016-03-15 20:57:25'),
(40, 'Sub Category 3.5', 'sub-category-3-5', 24, 0, '2016-03-15 20:57:43', '2016-03-15 20:57:43'),
(41, 'Sub Category 4.1', 'sub-category-4-1', 26, 0, '2016-03-15 20:58:16', '2016-03-15 20:58:16'),
(42, 'Sub Category 4.2', 'sub-category-4-2', 26, 0, '2016-03-15 20:58:29', '2016-03-15 20:58:29'),
(43, 'Sub Category 4.3', 'sub-category-4-3', 26, 0, '2016-03-15 20:58:42', '2016-03-15 20:58:42'),
(44, 'Sub Category 5.1', 'sub-category-5-1', 27, 0, '2016-03-15 20:58:54', '2016-03-15 20:59:04'),
(45, 'Sub Category 5.2', 'sub-category-5-2', 27, 0, '2016-03-15 20:59:19', '2016-03-15 20:59:19'),
(46, 'Sub Category 6.1', 'sub-category-6-1', 28, 0, '2016-03-15 20:59:34', '2016-05-10 05:19:18'),
(47, 'Sub Category 6.2', 'sub-category-6-2', 28, 0, '2016-03-15 20:59:48', '2016-03-15 20:59:48'),
(48, 'Sub Category 6.3', 'sub-category-6-3', 28, 0, '2016-03-15 21:00:04', '2016-03-15 21:00:04'),
(49, 'Category 5.3', 'category-5-3', 27, 0, '2016-05-10 05:16:34', '2016-05-10 05:16:34'),
(50, 'Category 5', 'category-5', 0, 0, '2016-05-10 05:17:46', '2016-05-10 05:17:46'),
(51, 'Sub Category 5.2', 'sub-category-5-2-1', 50, 0, '2016-05-10 05:20:17', '2016-05-10 05:20:39'),
(52, 'Sub Category 5.1', 'sub-category-5-1-1', 50, 0, '2016-05-10 05:21:27', '2016-05-10 05:21:27'),
(53, 'tes', 'tes', 23, 0, '2016-05-11 23:39:52', '2016-05-11 23:39:52');

-- --------------------------------------------------------

--
-- Struktur dari tabel `listing_status`
--

CREATE TABLE IF NOT EXISTS `listing_status` (
  `id` int(11) NOT NULL,
  `name` varchar(50) NOT NULL,
  `display_name` varchar(50) DEFAULT NULL,
  `info` varchar(255) DEFAULT NULL,
  PRIMARY KEY (`id`),
  UNIQUE KEY `name` (`name`)
) ENGINE=InnoDB DEFAULT CHARSET=latin1;

--
-- Dumping data untuk tabel `listing_status`
--

INSERT INTO `listing_status` (`id`, `name`, `display_name`, `info`) VALUES
(1, 'pending', 'Pending', 'Menunggu konfirmasi pembayaran yang telah disetujui staff Finance'),
(2, 'checking', 'Checking', 'Menunggu konfirmasi dari staff manager tentang isi content listing'),
(3, 'active', 'Active', 'Listing aktif'),
(4, 'rejected', 'Rejected', 'Listing telah ditolak dengan alasan isi konten'),
(5, 'expired', 'Expired', 'Masa tampil listing telah expired'),
(6, 'ready', 'Ready', 'Payment Telah Dikonfirmasi, Listing telah ready');

-- --------------------------------------------------------

--
-- Struktur dari tabel `messages`
--

CREATE TABLE IF NOT EXISTS `messages` (
  `id` int(10) unsigned NOT NULL AUTO_INCREMENT,
  `to_user_id` int(10) NOT NULL,
  `content` longtext NOT NULL,
  `status` int(1) NOT NULL DEFAULT '0',
  `created_at` timestamp NOT NULL DEFAULT '0000-00-00 00:00:00',
  `updated_at` timestamp NOT NULL DEFAULT '0000-00-00 00:00:00',
  PRIMARY KEY (`id`)
) ENGINE=InnoDB DEFAULT CHARSET=latin1 AUTO_INCREMENT=1 ;

-- --------------------------------------------------------

--
-- Struktur dari tabel `migrations`
--

CREATE TABLE IF NOT EXISTS `migrations` (
  `migration` varchar(255) COLLATE utf8_unicode_ci NOT NULL,
  `batch` int(11) NOT NULL
) ENGINE=InnoDB DEFAULT CHARSET=utf8 COLLATE=utf8_unicode_ci;

--
-- Dumping data untuk tabel `migrations`
--

INSERT INTO `migrations` (`migration`, `batch`) VALUES
('2014_10_12_000000_create_users_table', 1),
('2014_10_12_100000_create_password_resets_table', 1),
('2015_12_17_014346_entrust_setup_tables', 1),
('2015_12_17_021457_ads', 2),
('2015_12_17_021503_billings', 2),
('2015_12_17_021507_customers', 2),
('2015_12_17_021518_listings', 2),
('2015_12_17_021548_listings_categories', 2),
('2015_08_25_172600_create_settings_table', 3);

-- --------------------------------------------------------

--
-- Struktur dari tabel `nonsubs`
--

CREATE TABLE IF NOT EXISTS `nonsubs` (
  `id` int(10) unsigned NOT NULL AUTO_INCREMENT,
  `nonsubs_id` varchar(15) COLLATE utf8_unicode_ci NOT NULL,
  `nonsubs_name` varchar(100) COLLATE utf8_unicode_ci NOT NULL,
  `address_id` int(11) NOT NULL,
  `phone` varchar(20) COLLATE utf8_unicode_ci NOT NULL,
  `fax` varchar(20) COLLATE utf8_unicode_ci DEFAULT NULL,
  `pic` varchar(100) COLLATE utf8_unicode_ci NOT NULL,
  `pic_phone` varchar(20) COLLATE utf8_unicode_ci NOT NULL,
  `pic_mobile1` varchar(20) COLLATE utf8_unicode_ci DEFAULT NULL,
  `pic_mobile2` varchar(20) COLLATE utf8_unicode_ci DEFAULT NULL,
  `pic_email` varchar(50) COLLATE utf8_unicode_ci NOT NULL,
  `password` varchar(60) COLLATE utf8_unicode_ci NOT NULL,
  `remember_token` varchar(100) COLLATE utf8_unicode_ci DEFAULT NULL,
  `created_at` timestamp NOT NULL DEFAULT '0000-00-00 00:00:00',
  `updated_at` timestamp NOT NULL DEFAULT '0000-00-00 00:00:00',
  PRIMARY KEY (`id`)
) ENGINE=InnoDB  DEFAULT CHARSET=utf8 COLLATE=utf8_unicode_ci AUTO_INCREMENT=13 ;

--
-- Dumping data untuk tabel `nonsubs`
--

INSERT INTO `nonsubs` (`id`, `nonsubs_id`, `nonsubs_name`, `address_id`, `phone`, `fax`, `pic`, `pic_phone`, `pic_mobile1`, `pic_mobile2`, `pic_email`, `password`, `remember_token`, `created_at`, `updated_at`) VALUES
(9, '012016030001936', 'Grafich Dev Pte Ltd', 1, '082298078502', '', 'Gufron RA', '082298078502', '082298078502', '', 'test@gmail.com', '$2y$10$eK.ei902n59yqGI4EAzM2.QuTX0B1yNvcRqZ1kc77GUKXQ9WwFAQ6', '1zwKp4N00gBJNwLEPsM1oxwmS5a9ADfwaXYfhJUS7HEN2Vr2zri3NiGiZAQl', '2016-03-15 22:25:40', '2016-05-11 23:13:11'),
(10, 'n12016030002682', 'PYT. TEST01', 2, '123455678', '', 'TEST01', '1234567', '123456', '', 'test0222@gmail.com', '$2y$10$Nw0TyIu19sacR3f4zCyvleFM5PBv/b7TBsPP3MlDhheMh6X.5lOe.', 'iRZdHEliUF62ar7ISfLOefAaLXGkTn8ju54BAMsy5iZbUWipRmUtDiKfZABr', '2016-03-17 08:52:37', '2016-08-02 11:55:19'),
(11, '012016030003972', 'Pt Test02', 3, '1234556', '', 'Test02', '123445', '1234566789', '', 'Test02@gmail.com', '$2y$10$J6E6I/FRmvXx/.t/1AecEu6g9fwBSZvEuwx.eAJaHcKTg41W4/e7u', 'kD82eOAjvdA7RmpTRdYsUrbFP1KquZrsLKRVAojzDyFKvRqb4PTrI1EyuPjS', '2016-03-28 03:43:34', '2016-03-28 04:12:25'),
(12, '012016050004935', 'PT. TEST03', 17, '12354656', '', 'test03', '1341', '12324', '', 'test03@gmail.com', '$2y$10$hk386w4hmarO6hzRbUoEjOu76odzlYxx/oGxfSLGXubFPAb6I5kxS', NULL, '2016-05-10 05:12:45', '2016-05-10 05:12:46');

-- --------------------------------------------------------

--
-- Struktur dari tabel `non_customers`
--

CREATE TABLE IF NOT EXISTS `non_customers` (
  `id` int(11) unsigned NOT NULL AUTO_INCREMENT,
  `name` varchar(100) NOT NULL,
  PRIMARY KEY (`id`)
) ENGINE=InnoDB DEFAULT CHARSET=utf8 AUTO_INCREMENT=1 ;

-- --------------------------------------------------------

--
-- Struktur dari tabel `notifications`
--

CREATE TABLE IF NOT EXISTS `notifications` (
  `id` int(10) unsigned NOT NULL AUTO_INCREMENT,
  `user_id` int(10) NOT NULL,
  `notif` varchar(255) NOT NULL,
  `user_type` varchar(50) NOT NULL,
  `status` int(1) NOT NULL DEFAULT '0',
  `created_at` timestamp NOT NULL DEFAULT '0000-00-00 00:00:00',
  `updated_at` timestamp NOT NULL DEFAULT '0000-00-00 00:00:00',
  PRIMARY KEY (`id`)
) ENGINE=InnoDB DEFAULT CHARSET=latin1 AUTO_INCREMENT=1 ;

-- --------------------------------------------------------

--
-- Struktur dari tabel `packages`
--

CREATE TABLE IF NOT EXISTS `packages` (
  `id` int(10) unsigned NOT NULL AUTO_INCREMENT,
  `name` varchar(255) NOT NULL,
  `price` decimal(10,0) NOT NULL,
  `notes` varchar(255) DEFAULT NULL,
  `days` int(10) NOT NULL,
  `discount` int(100) NOT NULL DEFAULT '0',
  `created_at` timestamp NOT NULL DEFAULT '0000-00-00 00:00:00',
  `updated_at` timestamp NOT NULL DEFAULT '0000-00-00 00:00:00',
  PRIMARY KEY (`id`)
) ENGINE=InnoDB  DEFAULT CHARSET=latin1 AUTO_INCREMENT=5 ;

--
-- Dumping data untuk tabel `packages`
--

INSERT INTO `packages` (`id`, `name`, `price`, `notes`, `days`, `discount`, `created_at`, `updated_at`) VALUES
(3, 'Paket 30 Hari', 560000, 'Listing akan tampil selama 30 hari dihitung sejak listing aktif', 30, 2, '2016-03-15 22:50:09', '2016-05-11 23:34:14'),
(4, 'Paket 90 Hari', 1700000, 'Listing akan tampil selama 90 hari dihitung sejak listing aktif', 90, 0, '2016-03-15 22:56:48', '2016-05-10 05:14:26');

-- --------------------------------------------------------

--
-- Struktur dari tabel `password_resets`
--

CREATE TABLE IF NOT EXISTS `password_resets` (
  `email` varchar(255) COLLATE utf8_unicode_ci NOT NULL,
  `token` varchar(255) COLLATE utf8_unicode_ci NOT NULL,
  `created_at` timestamp NOT NULL DEFAULT '0000-00-00 00:00:00',
  KEY `password_resets_email_index` (`email`),
  KEY `password_resets_token_index` (`token`)
) ENGINE=InnoDB DEFAULT CHARSET=utf8 COLLATE=utf8_unicode_ci;

-- --------------------------------------------------------

--
-- Struktur dari tabel `permissions`
--

CREATE TABLE IF NOT EXISTS `permissions` (
  `id` int(10) unsigned NOT NULL AUTO_INCREMENT,
  `name` varchar(255) COLLATE utf8_unicode_ci NOT NULL,
  `display_name` varchar(255) COLLATE utf8_unicode_ci DEFAULT NULL,
  `description` varchar(255) COLLATE utf8_unicode_ci DEFAULT NULL,
  `created_at` timestamp NOT NULL DEFAULT '0000-00-00 00:00:00',
  `updated_at` timestamp NOT NULL DEFAULT '0000-00-00 00:00:00',
  PRIMARY KEY (`id`),
  UNIQUE KEY `permissions_name_unique` (`name`)
) ENGINE=InnoDB  DEFAULT CHARSET=utf8 COLLATE=utf8_unicode_ci AUTO_INCREMENT=45 ;

--
-- Dumping data untuk tabel `permissions`
--

INSERT INTO `permissions` (`id`, `name`, `display_name`, `description`, `created_at`, `updated_at`) VALUES
(1, 'can_create_user', 'Can Create User', NULL, '0000-00-00 00:00:00', '0000-00-00 00:00:00'),
(2, 'can_edit_user', 'Can Edit User', NULL, '0000-00-00 00:00:00', '0000-00-00 00:00:00'),
(3, 'can_delete_user', 'Can Delete User', NULL, '0000-00-00 00:00:00', '0000-00-00 00:00:00'),
(4, 'can_create_customer', 'Can Create Customer', NULL, '0000-00-00 00:00:00', '0000-00-00 00:00:00'),
(5, 'can_edit_customer', 'Can Edit Customer', NULL, '0000-00-00 00:00:00', '0000-00-00 00:00:00'),
(6, 'can_delete_customer', 'Can Delete Customer', NULL, '0000-00-00 00:00:00', '0000-00-00 00:00:00'),
(7, 'can_create_listing', 'Can Create Listing', NULL, '0000-00-00 00:00:00', '0000-00-00 00:00:00'),
(8, 'can_edit_listing', 'Can Edit Listing', NULL, '0000-00-00 00:00:00', '0000-00-00 00:00:00'),
(9, 'can_delete_listing', 'Can Delete Listing', NULL, '0000-00-00 00:00:00', '0000-00-00 00:00:00'),
(10, 'can_create_ads', 'Can Create Ads', NULL, '0000-00-00 00:00:00', '0000-00-00 00:00:00'),
(11, 'can_edit_ads', 'Can Edit Ads', NULL, '0000-00-00 00:00:00', '0000-00-00 00:00:00'),
(12, 'can_delete_ads', 'Can Delete Ads', NULL, '0000-00-00 00:00:00', '0000-00-00 00:00:00'),
(13, 'can_create_billing', 'Can Create Billing', NULL, '0000-00-00 00:00:00', '0000-00-00 00:00:00'),
(14, 'can_edit_billing', 'Can Edit Billing', NULL, '0000-00-00 00:00:00', '0000-00-00 00:00:00'),
(15, 'can_delete_billing', 'Can Delete Billing', NULL, '0000-00-00 00:00:00', '0000-00-00 00:00:00'),
(16, 'can_view_billing', 'Can View Billing', NULL, '0000-00-00 00:00:00', '0000-00-00 00:00:00'),
(17, 'can_edit_system', 'Can Edit System', NULL, '0000-00-00 00:00:00', '0000-00-00 00:00:00'),
(18, 'can_access_administrator', 'Can Access Administrator', NULL, '0000-00-00 00:00:00', '0000-00-00 00:00:00'),
(19, 'can_create_supperuser', 'Can Create Supper User', NULL, '0000-00-00 00:00:00', '0000-00-00 00:00:00'),
(20, 'can_edit_superuser', 'Can Edit Supper User', NULL, '0000-00-00 00:00:00', '0000-00-00 00:00:00'),
(21, 'can_delete_superuser', 'Can Delete Super User', NULL, '0000-00-00 00:00:00', '0000-00-00 00:00:00'),
(22, 'can_view_users', 'Can View Users', NULL, '0000-00-00 00:00:00', '0000-00-00 00:00:00'),
(23, 'can_view_listing', 'Can View Listing', NULL, '0000-00-00 00:00:00', '0000-00-00 00:00:00'),
(24, 'can_view_all_listing', 'Can View All Listing', NULL, '0000-00-00 00:00:00', '0000-00-00 00:00:00'),
(25, 'can_view_all_ads', 'Can View All Ads', NULL, '0000-00-00 00:00:00', '0000-00-00 00:00:00'),
(26, 'can_view_ads', 'Can View Ads', NULL, '0000-00-00 00:00:00', '0000-00-00 00:00:00'),
(27, 'can_view_all_billing', 'Can View All Billing', NULL, '0000-00-00 00:00:00', '0000-00-00 00:00:00'),
(28, 'can_view_customers', 'Can View Customers', NULL, '0000-00-00 00:00:00', '0000-00-00 00:00:00'),
(29, 'can_view_roles', 'Can View Roles', NULL, '0000-00-00 00:00:00', '0000-00-00 00:00:00'),
(30, 'can_create_roles', 'Can Create Roles', NULL, '0000-00-00 00:00:00', '0000-00-00 00:00:00'),
(31, 'can_edit_roles', 'Can Edit Roles', NULL, '0000-00-00 00:00:00', '0000-00-00 00:00:00'),
(32, 'can_delete_roles', 'Can Delete Roles', NULL, '0000-00-00 00:00:00', '0000-00-00 00:00:00'),
(33, 'can_view_companies', 'Can View Companies', NULL, '0000-00-00 00:00:00', '0000-00-00 00:00:00'),
(34, 'can_create_package', 'Can Create Package', NULL, '0000-00-00 00:00:00', '0000-00-00 00:00:00'),
(35, 'can_edit_package', 'Can Edit Package', NULL, '0000-00-00 00:00:00', '0000-00-00 00:00:00'),
(36, 'can_delete_package', 'Can Delete Package', NULL, '0000-00-00 00:00:00', '0000-00-00 00:00:00'),
(37, 'can_create_category', 'Can Create Category', NULL, '0000-00-00 00:00:00', '0000-00-00 00:00:00'),
(38, 'can_edit_category', 'Can Edit Category', NULL, '0000-00-00 00:00:00', '0000-00-00 00:00:00'),
(39, 'can_delete_category', 'Can Delete Category', NULL, '0000-00-00 00:00:00', '0000-00-00 00:00:00'),
(40, 'can_approve_listing', 'Can Approve Listing', NULL, '0000-00-00 00:00:00', '0000-00-00 00:00:00'),
(41, 'can_view_all_category', 'Can View All Categories', NULL, '0000-00-00 00:00:00', '0000-00-00 00:00:00'),
(44, 'export_to_excel', 'Export to Excel', '', '2016-01-12 09:32:19', '2016-01-12 09:32:19');

-- --------------------------------------------------------

--
-- Struktur dari tabel `permission_role`
--

CREATE TABLE IF NOT EXISTS `permission_role` (
  `permission_id` int(10) unsigned NOT NULL,
  `role_id` int(10) unsigned NOT NULL,
  PRIMARY KEY (`permission_id`,`role_id`),
  KEY `permission_role_role_id_foreign` (`role_id`)
) ENGINE=InnoDB DEFAULT CHARSET=utf8 COLLATE=utf8_unicode_ci;

--
-- Dumping data untuk tabel `permission_role`
--

INSERT INTO `permission_role` (`permission_id`, `role_id`) VALUES
(1, 1),
(2, 1),
(3, 1),
(4, 1),
(5, 1),
(6, 1),
(7, 1),
(8, 1),
(9, 1),
(10, 1),
(11, 1),
(12, 1),
(13, 1),
(14, 1),
(15, 1),
(16, 1),
(17, 1),
(18, 1),
(19, 1),
(20, 1),
(21, 1),
(22, 1),
(23, 1),
(24, 1),
(25, 1),
(26, 1),
(27, 1),
(28, 1),
(29, 1),
(30, 1),
(31, 1),
(32, 1),
(33, 1),
(34, 1),
(35, 1),
(36, 1),
(37, 1),
(38, 1),
(39, 1),
(40, 1),
(41, 1),
(8, 2),
(11, 2),
(23, 2),
(24, 2),
(25, 2),
(26, 2),
(4, 3),
(5, 3),
(6, 3),
(7, 3),
(8, 3),
(9, 3),
(10, 3),
(11, 3),
(12, 3),
(13, 3),
(14, 3),
(15, 3),
(16, 3),
(23, 3),
(24, 3),
(25, 3),
(26, 3),
(27, 3),
(28, 3),
(5, 4),
(8, 4),
(11, 4),
(16, 4),
(23, 4),
(24, 4),
(25, 4),
(26, 4),
(27, 4),
(28, 4),
(40, 4),
(9, 5),
(12, 5),
(23, 5),
(26, 5),
(28, 5);

-- --------------------------------------------------------

--
-- Struktur dari tabel `roles`
--

CREATE TABLE IF NOT EXISTS `roles` (
  `id` int(10) unsigned NOT NULL AUTO_INCREMENT,
  `name` varchar(255) COLLATE utf8_unicode_ci NOT NULL,
  `display_name` varchar(255) COLLATE utf8_unicode_ci DEFAULT NULL,
  `description` varchar(255) COLLATE utf8_unicode_ci DEFAULT NULL,
  `created_at` timestamp NOT NULL DEFAULT '0000-00-00 00:00:00',
  `updated_at` timestamp NOT NULL DEFAULT '0000-00-00 00:00:00',
  PRIMARY KEY (`id`),
  UNIQUE KEY `roles_name_unique` (`name`)
) ENGINE=InnoDB  DEFAULT CHARSET=utf8 COLLATE=utf8_unicode_ci AUTO_INCREMENT=6 ;

--
-- Dumping data untuk tabel `roles`
--

INSERT INTO `roles` (`id`, `name`, `display_name`, `description`, `created_at`, `updated_at`) VALUES
(1, 'super_user', 'Super User', '', '2015-12-16 05:51:05', '2015-12-16 05:51:05'),
(2, 'admin', 'Admin', '', '2015-12-16 06:17:13', '2015-12-16 06:17:13'),
(3, 'manager', 'Manager', '', '2015-12-16 06:18:06', '2015-12-16 06:18:06'),
(4, 'finance', 'Finance', '', '2015-12-16 06:19:25', '2015-12-16 06:19:25'),
(5, 'sales', 'Sales', '', '2015-12-16 06:20:15', '2015-12-16 06:20:15');

-- --------------------------------------------------------

--
-- Struktur dari tabel `role_user`
--

CREATE TABLE IF NOT EXISTS `role_user` (
  `user_id` int(10) unsigned NOT NULL,
  `role_id` int(10) unsigned NOT NULL,
  PRIMARY KEY (`user_id`,`role_id`),
  KEY `role_user_role_id_foreign` (`role_id`)
) ENGINE=InnoDB DEFAULT CHARSET=utf8 COLLATE=utf8_unicode_ci;

--
-- Dumping data untuk tabel `role_user`
--

INSERT INTO `role_user` (`user_id`, `role_id`) VALUES
(1, 1),
(2, 2),
(3, 3),
(5, 4),
(4, 5),
(6, 5);

-- --------------------------------------------------------

--
-- Struktur dari tabel `settings`
--

CREATE TABLE IF NOT EXISTS `settings` (
  `id` int(10) unsigned NOT NULL AUTO_INCREMENT,
  `key` varchar(255) COLLATE utf8_unicode_ci NOT NULL,
  `value` text COLLATE utf8_unicode_ci NOT NULL,
  PRIMARY KEY (`id`),
  KEY `settings_key_index` (`key`)
) ENGINE=InnoDB DEFAULT CHARSET=utf8 COLLATE=utf8_unicode_ci AUTO_INCREMENT=1 ;

-- --------------------------------------------------------

--
-- Struktur dari tabel `system_logs`
--

CREATE TABLE IF NOT EXISTS `system_logs` (
  `id` bigint(20) unsigned NOT NULL AUTO_INCREMENT,
  `user` bigint(20) NOT NULL,
  `log_text` longtext NOT NULL,
  `created_at` timestamp NOT NULL DEFAULT '0000-00-00 00:00:00',
  `updated_at` timestamp NOT NULL DEFAULT '0000-00-00 00:00:00',
  PRIMARY KEY (`id`)
) ENGINE=InnoDB  DEFAULT CHARSET=utf8 AUTO_INCREMENT=52 ;

--
-- Dumping data untuk tabel `system_logs`
--

INSERT INTO `system_logs` (`id`, `user`, `log_text`, `created_at`, `updated_at`) VALUES
(48, 1, '<a href="javascript:;">Digi</a> Approved Listing <a href="javascript:;" class="name">At vero eos et accusamus</a>', '2016-04-01 00:48:04', '2016-04-01 00:48:04'),
(49, 1, '<a href="javascript:;" class="name">Digi</a> Rejected Listing <a href="javascript:;">At vero eos et accusamus</a>', '2016-05-10 05:08:30', '2016-05-10 05:08:30'),
(50, 1, '<a href="javascript:;" class="name">Digi</a> created customer <a href="javascript:;" class="name">PT. TEST03</a>', '2016-05-10 05:12:46', '2016-05-10 05:12:46'),
(51, 1, '<a href="javascript:;" class="name">Digi</a> updated customer <a href="javascript:;" class="name">Grafich Dev Pte Ltd</a>', '2016-05-11 23:13:11', '2016-05-11 23:13:11');

-- --------------------------------------------------------

--
-- Struktur dari tabel `users`
--

CREATE TABLE IF NOT EXISTS `users` (
  `id` int(10) unsigned NOT NULL AUTO_INCREMENT,
  `name` varchar(255) COLLATE utf8_unicode_ci NOT NULL,
  `email` varchar(255) COLLATE utf8_unicode_ci NOT NULL,
  `password` varchar(60) COLLATE utf8_unicode_ci NOT NULL,
  `remember_token` varchar(100) COLLATE utf8_unicode_ci DEFAULT NULL,
  `status` int(1) NOT NULL DEFAULT '0',
  `created_at` timestamp NOT NULL DEFAULT '0000-00-00 00:00:00',
  `updated_at` timestamp NOT NULL DEFAULT '0000-00-00 00:00:00',
  PRIMARY KEY (`id`),
  UNIQUE KEY `users_email_unique` (`email`)
) ENGINE=InnoDB  DEFAULT CHARSET=utf8 COLLATE=utf8_unicode_ci AUTO_INCREMENT=7 ;

--
-- Dumping data untuk tabel `users`
--

INSERT INTO `users` (`id`, `name`, `email`, `password`, `remember_token`, `status`, `created_at`, `updated_at`) VALUES
(1, 'Digi', 'grafich.dev@gmail.com', '$2y$10$XQuBCrxFwr4N8et.0VSSK.eavlEYymjNdl7DB5VFaaNgkRqid23.K', 'IOpLi54LNEPGJZUXDFIiJXwlDCrHHQsqxeph3sDje38oXGnxN8Sw2AeqiTjQ', 1, '0000-00-00 00:00:00', '2016-08-02 11:57:43'),
(2, 'User Admin', 'irhsad.seifaldin@gmail.com', '$2y$10$wtb3McLO/3Ak29lm3/vy/.2m3WlAcjPZZgEmoid8hiwQAG49DG9mW', NULL, 0, '2015-12-16 06:21:18', '2015-12-16 06:21:18'),
(3, 'User Manager', '31x389@gmail.com', '$2y$10$InGEkucqe6DBfuL76M6xVuRU1qgDUdXgYgKCSP5kYf7LdaHTfzLIO', 'QTNSc7J38AuSZb1HRzq9NcsOmM8wQA3spJ0Xd7ojbuIkuY7nueeyZreYS9Pj', 0, '2015-12-16 06:21:47', '2015-12-28 07:44:52'),
(4, 'Irwan Sales', 'baponk.smoker@gmail.com', '$2y$10$UTQvH/xnww5zN.LL8qUCrucPa.RJ4BLbS02wr5aIh3MK70G/dT4n6', NULL, 0, '2015-12-16 06:22:17', '2015-12-16 06:22:17'),
(5, 'Anis Finance', 'aniez.cex@gmail.com', '$2y$10$aguCv.vFUPed1JCB9kaJj.jPe5YjyDofx3CKnx0ZasHUY2wvBGn7W', 'L89mDB5JeicQb7SI0tZOwVN3ju94pvsU4ub8GrSy6x8qzxcKHXJd5bGk6W2F', 0, '2015-12-28 07:48:17', '2015-12-28 08:33:34'),
(6, 'waldi syafei', 'waldi.syafei@gmail.com', '$2y$10$BAgZmwH/xPhMlkN/ZGpL2.gw4CeCu2OKYTYV9wP6L0YkB9NqGSNV.', NULL, 0, '2016-05-11 23:11:30', '2016-05-11 23:11:30');

-- --------------------------------------------------------

--
-- Struktur dari tabel `zone`
--

CREATE TABLE IF NOT EXISTS `zone` (
  `zone_id` int(11) NOT NULL AUTO_INCREMENT,
  `country_id` int(11) NOT NULL,
  `name` varchar(128) NOT NULL,
  `code` varchar(32) NOT NULL,
  PRIMARY KEY (`zone_id`)
) ENGINE=InnoDB  DEFAULT CHARSET=utf8 AUTO_INCREMENT=4232 ;

--
-- Dumping data untuk tabel `zone`
--

INSERT INTO `zone` (`zone_id`, `country_id`, `name`, `code`) VALUES
(1, 1, 'Badakhshan', 'BDS'),
(2, 1, 'Badghis', 'BDG'),
(3, 1, 'Baghlan', 'BGL'),
(4, 1, 'Balkh', 'BAL'),
(5, 1, 'Bamian', 'BAM'),
(6, 1, 'Farah', 'FRA'),
(7, 1, 'Faryab', 'FYB'),
(8, 1, 'Ghazni', 'GHA'),
(9, 1, 'Ghowr', 'GHO'),
(10, 1, 'Helmand', 'HEL'),
(11, 1, 'Herat', 'HER'),
(12, 1, 'Jowzjan', 'JOW'),
(13, 1, 'Kabul', 'KAB'),
(14, 1, 'Kandahar', 'KAN'),
(15, 1, 'Kapisa', 'KAP'),
(16, 1, 'Khost', 'KHO'),
(17, 1, 'Konar', 'KNR'),
(18, 1, 'Kondoz', 'KDZ'),
(19, 1, 'Laghman', 'LAG'),
(20, 1, 'Lowgar', 'LOW'),
(21, 1, 'Nangrahar', 'NAN'),
(22, 1, 'Nimruz', 'NIM'),
(23, 1, 'Nurestan', 'NUR'),
(24, 1, 'Oruzgan', 'ORU'),
(25, 1, 'Paktia', 'PIA'),
(26, 1, 'Paktika', 'PKA'),
(27, 1, 'Parwan', 'PAR'),
(28, 1, 'Samangan', 'SAM'),
(29, 1, 'Sar-e Pol', 'SAR'),
(30, 1, 'Takhar', 'TAK'),
(31, 1, 'Wardak', 'WAR'),
(32, 1, 'Zabol', 'ZAB'),
(33, 2, 'Berat', 'BR'),
(34, 2, 'Bulqize', 'BU'),
(35, 2, 'Delvine', 'DL'),
(36, 2, 'Devoll', 'DV'),
(37, 2, 'Diber', 'DI'),
(38, 2, 'Durres', 'DR'),
(39, 2, 'Elbasan', 'EL'),
(40, 2, 'Kolonje', 'ER'),
(41, 2, 'Fier', 'FR'),
(42, 2, 'Gjirokaster', 'GJ'),
(43, 2, 'Gramsh', 'GR'),
(44, 2, 'Has', 'HA'),
(45, 2, 'Kavaje', 'KA'),
(46, 2, 'Kurbin', 'KB'),
(47, 2, 'Kucove', 'KC'),
(48, 2, 'Korce', 'KO'),
(49, 2, 'Kruje', 'KR'),
(50, 2, 'Kukes', 'KU'),
(51, 2, 'Librazhd', 'LB'),
(52, 2, 'Lezhe', 'LE'),
(53, 2, 'Lushnje', 'LU'),
(54, 2, 'Malesi e Madhe', 'MM'),
(55, 2, 'Mallakaster', 'MK'),
(56, 2, 'Mat', 'MT'),
(57, 2, 'Mirdite', 'MR'),
(58, 2, 'Peqin', 'PQ'),
(59, 2, 'Permet', 'PR'),
(60, 2, 'Pogradec', 'PG'),
(61, 2, 'Puke', 'PU'),
(62, 2, 'Shkoder', 'SH'),
(63, 2, 'Skrapar', 'SK'),
(64, 2, 'Sarande', 'SR'),
(65, 2, 'Tepelene', 'TE'),
(66, 2, 'Tropoje', 'TP'),
(67, 2, 'Tirane', 'TR'),
(68, 2, 'Vlore', 'VL'),
(69, 3, 'Adrar', 'ADR'),
(70, 3, 'Ain Defla', 'ADE'),
(71, 3, 'Ain Temouchent', 'ATE'),
(72, 3, 'Alger', 'ALG'),
(73, 3, 'Annaba', 'ANN'),
(74, 3, 'Batna', 'BAT'),
(75, 3, 'Bechar', 'BEC'),
(76, 3, 'Bejaia', 'BEJ'),
(77, 3, 'Biskra', 'BIS'),
(78, 3, 'Blida', 'BLI'),
(79, 3, 'Bordj Bou Arreridj', 'BBA'),
(80, 3, 'Bouira', 'BOA'),
(81, 3, 'Boumerdes', 'BMD'),
(82, 3, 'Chlef', 'CHL'),
(83, 3, 'Constantine', 'CON'),
(84, 3, 'Djelfa', 'DJE'),
(85, 3, 'El Bayadh', 'EBA'),
(86, 3, 'El Oued', 'EOU'),
(87, 3, 'El Tarf', 'ETA'),
(88, 3, 'Ghardaia', 'GHA'),
(89, 3, 'Guelma', 'GUE'),
(90, 3, 'Illizi', 'ILL'),
(91, 3, 'Jijel', 'JIJ'),
(92, 3, 'Khenchela', 'KHE'),
(93, 3, 'Laghouat', 'LAG'),
(94, 3, 'Muaskar', 'MUA'),
(95, 3, 'Medea', 'MED'),
(96, 3, 'Mila', 'MIL'),
(97, 3, 'Mostaganem', 'MOS'),
(98, 3, 'M''Sila', 'MSI'),
(99, 3, 'Naama', 'NAA'),
(100, 3, 'Oran', 'ORA'),
(101, 3, 'Ouargla', 'OUA'),
(102, 3, 'Oum el-Bouaghi', 'OEB'),
(103, 3, 'Relizane', 'REL'),
(104, 3, 'Saida', 'SAI'),
(105, 3, 'Setif', 'SET'),
(106, 3, 'Sidi Bel Abbes', 'SBA'),
(107, 3, 'Skikda', 'SKI'),
(108, 3, 'Souk Ahras', 'SAH'),
(109, 3, 'Tamanghasset', 'TAM'),
(110, 3, 'Tebessa', 'TEB'),
(111, 3, 'Tiaret', 'TIA'),
(112, 3, 'Tindouf', 'TIN'),
(113, 3, 'Tipaza', 'TIP'),
(114, 3, 'Tissemsilt', 'TIS'),
(115, 3, 'Tizi Ouzou', 'TOU'),
(116, 3, 'Tlemcen', 'TLE'),
(117, 4, 'Eastern', 'E'),
(118, 4, 'Manu''a', 'M'),
(119, 4, 'Rose Island', 'R'),
(120, 4, 'Swains Island', 'S'),
(121, 4, 'Western', 'W'),
(122, 5, 'Andorra la Vella', 'ALV'),
(123, 5, 'Canillo', 'CAN'),
(124, 5, 'Encamp', 'ENC'),
(125, 5, 'Escaldes-Engordany', 'ESE'),
(126, 5, 'La Massana', 'LMA'),
(127, 5, 'Ordino', 'ORD'),
(128, 5, 'Sant Julia de Loria', 'SJL'),
(129, 6, 'Bengo', 'BGO'),
(130, 6, 'Benguela', 'BGU'),
(131, 6, 'Bie', 'BIE'),
(132, 6, 'Cabinda', 'CAB'),
(133, 6, 'Cuando-Cubango', 'CCU'),
(134, 6, 'Cuanza Norte', 'CNO'),
(135, 6, 'Cuanza Sul', 'CUS'),
(136, 6, 'Cunene', 'CNN'),
(137, 6, 'Huambo', 'HUA'),
(138, 6, 'Huila', 'HUI'),
(139, 6, 'Luanda', 'LUA'),
(140, 6, 'Lunda Norte', 'LNO'),
(141, 6, 'Lunda Sul', 'LSU'),
(142, 6, 'Malange', 'MAL'),
(143, 6, 'Moxico', 'MOX'),
(144, 6, 'Namibe', 'NAM'),
(145, 6, 'Uige', 'UIG'),
(146, 6, 'Zaire', 'ZAI'),
(147, 9, 'Saint George', 'ASG'),
(148, 9, 'Saint John', 'ASJ'),
(149, 9, 'Saint Mary', 'ASM'),
(150, 9, 'Saint Paul', 'ASL'),
(151, 9, 'Saint Peter', 'ASR'),
(152, 9, 'Saint Philip', 'ASH'),
(153, 9, 'Barbuda', 'BAR'),
(154, 9, 'Redonda', 'RED'),
(155, 10, 'Antartida e Islas del Atlantico', 'AN'),
(156, 10, 'Buenos Aires', 'BA'),
(157, 10, 'Catamarca', 'CA'),
(158, 10, 'Chaco', 'CH'),
(159, 10, 'Chubut', 'CU'),
(160, 10, 'Cordoba', 'CO'),
(161, 10, 'Corrientes', 'CR'),
(162, 10, 'Distrito Federal', 'DF'),
(163, 10, 'Entre Rios', 'ER'),
(164, 10, 'Formosa', 'FO'),
(165, 10, 'Jujuy', 'JU'),
(166, 10, 'La Pampa', 'LP'),
(167, 10, 'La Rioja', 'LR'),
(168, 10, 'Mendoza', 'ME'),
(169, 10, 'Misiones', 'MI'),
(170, 10, 'Neuquen', 'NE'),
(171, 10, 'Rio Negro', 'RN'),
(172, 10, 'Salta', 'SA'),
(173, 10, 'San Juan', 'SJ'),
(174, 10, 'San Luis', 'SL'),
(175, 10, 'Santa Cruz', 'SC'),
(176, 10, 'Santa Fe', 'SF'),
(177, 10, 'Santiago del Estero', 'SD'),
(178, 10, 'Tierra del Fuego', 'TF'),
(179, 10, 'Tucuman', 'TU'),
(180, 11, 'Aragatsotn', 'AGT'),
(181, 11, 'Ararat', 'ARR'),
(182, 11, 'Armavir', 'ARM'),
(183, 11, 'Geghark''unik''', 'GEG'),
(184, 11, 'Kotayk''', 'KOT'),
(185, 11, 'Lorri', 'LOR'),
(186, 11, 'Shirak', 'SHI'),
(187, 11, 'Syunik''', 'SYU'),
(188, 11, 'Tavush', 'TAV'),
(189, 11, 'Vayots'' Dzor', 'VAY'),
(190, 11, 'Yerevan', 'YER'),
(191, 13, 'Australian Capital Territory', 'ACT'),
(192, 13, 'New South Wales', 'NSW'),
(193, 13, 'Northern Territory', 'NT'),
(194, 13, 'Queensland', 'QLD'),
(195, 13, 'South Australia', 'SA'),
(196, 13, 'Tasmania', 'TAS'),
(197, 13, 'Victoria', 'VIC'),
(198, 13, 'Western Australia', 'WA'),
(199, 14, 'Burgenland', 'BUR'),
(200, 14, 'Kärnten', 'KAR'),
(201, 14, 'Nieder&ouml;sterreich', 'NOS'),
(202, 14, 'Ober&ouml;sterreich', 'OOS'),
(203, 14, 'Salzburg', 'SAL'),
(204, 14, 'Steiermark', 'STE'),
(205, 14, 'Tirol', 'TIR'),
(206, 14, 'Vorarlberg', 'VOR'),
(207, 14, 'Wien', 'WIE'),
(208, 15, 'Ali Bayramli', 'AB'),
(209, 15, 'Abseron', 'ABS'),
(210, 15, 'AgcabAdi', 'AGC'),
(211, 15, 'Agdam', 'AGM'),
(212, 15, 'Agdas', 'AGS'),
(213, 15, 'Agstafa', 'AGA'),
(214, 15, 'Agsu', 'AGU'),
(215, 15, 'Astara', 'AST'),
(216, 15, 'Baki', 'BA'),
(217, 15, 'BabAk', 'BAB'),
(218, 15, 'BalakAn', 'BAL'),
(219, 15, 'BArdA', 'BAR'),
(220, 15, 'Beylaqan', 'BEY'),
(221, 15, 'Bilasuvar', 'BIL'),
(222, 15, 'Cabrayil', 'CAB'),
(223, 15, 'Calilabab', 'CAL'),
(224, 15, 'Culfa', 'CUL'),
(225, 15, 'Daskasan', 'DAS'),
(226, 15, 'Davaci', 'DAV'),
(227, 15, 'Fuzuli', 'FUZ'),
(228, 15, 'Ganca', 'GA'),
(229, 15, 'Gadabay', 'GAD'),
(230, 15, 'Goranboy', 'GOR'),
(231, 15, 'Goycay', 'GOY'),
(232, 15, 'Haciqabul', 'HAC'),
(233, 15, 'Imisli', 'IMI'),
(234, 15, 'Ismayilli', 'ISM'),
(235, 15, 'Kalbacar', 'KAL'),
(236, 15, 'Kurdamir', 'KUR'),
(237, 15, 'Lankaran', 'LA'),
(238, 15, 'Lacin', 'LAC'),
(239, 15, 'Lankaran', 'LAN'),
(240, 15, 'Lerik', 'LER'),
(241, 15, 'Masalli', 'MAS'),
(242, 15, 'Mingacevir', 'MI'),
(243, 15, 'Naftalan', 'NA'),
(244, 15, 'Neftcala', 'NEF'),
(245, 15, 'Oguz', 'OGU'),
(246, 15, 'Ordubad', 'ORD'),
(247, 15, 'Qabala', 'QAB'),
(248, 15, 'Qax', 'QAX'),
(249, 15, 'Qazax', 'QAZ'),
(250, 15, 'Qobustan', 'QOB'),
(251, 15, 'Quba', 'QBA'),
(252, 15, 'Qubadli', 'QBI'),
(253, 15, 'Qusar', 'QUS'),
(254, 15, 'Saki', 'SA'),
(255, 15, 'Saatli', 'SAT'),
(256, 15, 'Sabirabad', 'SAB'),
(257, 15, 'Sadarak', 'SAD'),
(258, 15, 'Sahbuz', 'SAH'),
(259, 15, 'Saki', 'SAK'),
(260, 15, 'Salyan', 'SAL'),
(261, 15, 'Sumqayit', 'SM'),
(262, 15, 'Samaxi', 'SMI'),
(263, 15, 'Samkir', 'SKR'),
(264, 15, 'Samux', 'SMX'),
(265, 15, 'Sarur', 'SAR'),
(266, 15, 'Siyazan', 'SIY'),
(267, 15, 'Susa', 'SS'),
(268, 15, 'Susa', 'SUS'),
(269, 15, 'Tartar', 'TAR'),
(270, 15, 'Tovuz', 'TOV'),
(271, 15, 'Ucar', 'UCA'),
(272, 15, 'Xankandi', 'XA'),
(273, 15, 'Xacmaz', 'XAC'),
(274, 15, 'Xanlar', 'XAN'),
(275, 15, 'Xizi', 'XIZ'),
(276, 15, 'Xocali', 'XCI'),
(277, 15, 'Xocavand', 'XVD'),
(278, 15, 'Yardimli', 'YAR'),
(279, 15, 'Yevlax', 'YEV'),
(280, 15, 'Zangilan', 'ZAN'),
(281, 15, 'Zaqatala', 'ZAQ'),
(282, 15, 'Zardab', 'ZAR'),
(283, 15, 'Naxcivan', 'NX'),
(284, 16, 'Acklins', 'ACK'),
(285, 16, 'Berry Islands', 'BER'),
(286, 16, 'Bimini', 'BIM'),
(287, 16, 'Black Point', 'BLK'),
(288, 16, 'Cat Island', 'CAT'),
(289, 16, 'Central Abaco', 'CAB'),
(290, 16, 'Central Andros', 'CAN'),
(291, 16, 'Central Eleuthera', 'CEL'),
(292, 16, 'City of Freeport', 'FRE'),
(293, 16, 'Crooked Island', 'CRO'),
(294, 16, 'East Grand Bahama', 'EGB'),
(295, 16, 'Exuma', 'EXU'),
(296, 16, 'Grand Cay', 'GRD'),
(297, 16, 'Harbour Island', 'HAR'),
(298, 16, 'Hope Town', 'HOP'),
(299, 16, 'Inagua', 'INA'),
(300, 16, 'Long Island', 'LNG'),
(301, 16, 'Mangrove Cay', 'MAN'),
(302, 16, 'Mayaguana', 'MAY'),
(303, 16, 'Moore''s Island', 'MOO'),
(304, 16, 'North Abaco', 'NAB'),
(305, 16, 'North Andros', 'NAN'),
(306, 16, 'North Eleuthera', 'NEL'),
(307, 16, 'Ragged Island', 'RAG'),
(308, 16, 'Rum Cay', 'RUM'),
(309, 16, 'San Salvador', 'SAL'),
(310, 16, 'South Abaco', 'SAB'),
(311, 16, 'South Andros', 'SAN'),
(312, 16, 'South Eleuthera', 'SEL'),
(313, 16, 'Spanish Wells', 'SWE'),
(314, 16, 'West Grand Bahama', 'WGB'),
(315, 17, 'Capital', 'CAP'),
(316, 17, 'Central', 'CEN'),
(317, 17, 'Muharraq', 'MUH'),
(318, 17, 'Northern', 'NOR'),
(319, 17, 'Southern', 'SOU'),
(320, 18, 'Barisal', 'BAR'),
(321, 18, 'Chittagong', 'CHI'),
(322, 18, 'Dhaka', 'DHA'),
(323, 18, 'Khulna', 'KHU'),
(324, 18, 'Rajshahi', 'RAJ'),
(325, 18, 'Sylhet', 'SYL'),
(326, 19, 'Christ Church', 'CC'),
(327, 19, 'Saint Andrew', 'AND'),
(328, 19, 'Saint George', 'GEO'),
(329, 19, 'Saint James', 'JAM'),
(330, 19, 'Saint John', 'JOH'),
(331, 19, 'Saint Joseph', 'JOS'),
(332, 19, 'Saint Lucy', 'LUC'),
(333, 19, 'Saint Michael', 'MIC'),
(334, 19, 'Saint Peter', 'PET'),
(335, 19, 'Saint Philip', 'PHI'),
(336, 19, 'Saint Thomas', 'THO'),
(337, 20, 'Brestskaya (Brest)', 'BR'),
(338, 20, 'Homyel''skaya (Homyel'')', 'HO'),
(339, 20, 'Horad Minsk', 'HM'),
(340, 20, 'Hrodzyenskaya (Hrodna)', 'HR'),
(341, 20, 'Mahilyowskaya (Mahilyow)', 'MA'),
(342, 20, 'Minskaya', 'MI'),
(343, 20, 'Vitsyebskaya (Vitsyebsk)', 'VI'),
(344, 21, 'Antwerpen', 'VAN'),
(345, 21, 'Brabant Wallon', 'WBR'),
(346, 21, 'Hainaut', 'WHT'),
(347, 21, 'Liège', 'WLG'),
(348, 21, 'Limburg', 'VLI'),
(349, 21, 'Luxembourg', 'WLX'),
(350, 21, 'Namur', 'WNA'),
(351, 21, 'Oost-Vlaanderen', 'VOV'),
(352, 21, 'Vlaams Brabant', 'VBR'),
(353, 21, 'West-Vlaanderen', 'VWV'),
(354, 22, 'Belize', 'BZ'),
(355, 22, 'Cayo', 'CY'),
(356, 22, 'Corozal', 'CR'),
(357, 22, 'Orange Walk', 'OW'),
(358, 22, 'Stann Creek', 'SC'),
(359, 22, 'Toledo', 'TO'),
(360, 23, 'Alibori', 'AL'),
(361, 23, 'Atakora', 'AK'),
(362, 23, 'Atlantique', 'AQ'),
(363, 23, 'Borgou', 'BO'),
(364, 23, 'Collines', 'CO'),
(365, 23, 'Donga', 'DO'),
(366, 23, 'Kouffo', 'KO'),
(367, 23, 'Littoral', 'LI'),
(368, 23, 'Mono', 'MO'),
(369, 23, 'Oueme', 'OU'),
(370, 23, 'Plateau', 'PL'),
(371, 23, 'Zou', 'ZO'),
(372, 24, 'Devonshire', 'DS'),
(373, 24, 'Hamilton City', 'HC'),
(374, 24, 'Hamilton', 'HA'),
(375, 24, 'Paget', 'PG'),
(376, 24, 'Pembroke', 'PB'),
(377, 24, 'Saint George City', 'GC'),
(378, 24, 'Saint George''s', 'SG'),
(379, 24, 'Sandys', 'SA'),
(380, 24, 'Smith''s', 'SM'),
(381, 24, 'Southampton', 'SH'),
(382, 24, 'Warwick', 'WA'),
(383, 25, 'Bumthang', 'BUM'),
(384, 25, 'Chukha', 'CHU'),
(385, 25, 'Dagana', 'DAG'),
(386, 25, 'Gasa', 'GAS'),
(387, 25, 'Haa', 'HAA'),
(388, 25, 'Lhuntse', 'LHU'),
(389, 25, 'Mongar', 'MON'),
(390, 25, 'Paro', 'PAR'),
(391, 25, 'Pemagatshel', 'PEM'),
(392, 25, 'Punakha', 'PUN'),
(393, 25, 'Samdrup Jongkhar', 'SJO'),
(394, 25, 'Samtse', 'SAT'),
(395, 25, 'Sarpang', 'SAR'),
(396, 25, 'Thimphu', 'THI'),
(397, 25, 'Trashigang', 'TRG'),
(398, 25, 'Trashiyangste', 'TRY'),
(399, 25, 'Trongsa', 'TRO'),
(400, 25, 'Tsirang', 'TSI'),
(401, 25, 'Wangdue Phodrang', 'WPH'),
(402, 25, 'Zhemgang', 'ZHE'),
(403, 26, 'Beni', 'BEN'),
(404, 26, 'Chuquisaca', 'CHU'),
(405, 26, 'Cochabamba', 'COC'),
(406, 26, 'La Paz', 'LPZ'),
(407, 26, 'Oruro', 'ORU'),
(408, 26, 'Pando', 'PAN'),
(409, 26, 'Potosi', 'POT'),
(410, 26, 'Santa Cruz', 'SCZ'),
(411, 26, 'Tarija', 'TAR'),
(412, 27, 'Brcko district', 'BRO'),
(413, 27, 'Unsko-Sanski Kanton', 'FUS'),
(414, 27, 'Posavski Kanton', 'FPO'),
(415, 27, 'Tuzlanski Kanton', 'FTU'),
(416, 27, 'Zenicko-Dobojski Kanton', 'FZE'),
(417, 27, 'Bosanskopodrinjski Kanton', 'FBP'),
(418, 27, 'Srednjebosanski Kanton', 'FSB'),
(419, 27, 'Hercegovacko-neretvanski Kanton', 'FHN'),
(420, 27, 'Zapadnohercegovacka Zupanija', 'FZH'),
(421, 27, 'Kanton Sarajevo', 'FSA'),
(422, 27, 'Zapadnobosanska', 'FZA'),
(423, 27, 'Banja Luka', 'SBL'),
(424, 27, 'Doboj', 'SDO'),
(425, 27, 'Bijeljina', 'SBI'),
(426, 27, 'Vlasenica', 'SVL'),
(427, 27, 'Sarajevo-Romanija or Sokolac', 'SSR'),
(428, 27, 'Foca', 'SFO'),
(429, 27, 'Trebinje', 'STR'),
(430, 28, 'Central', 'CE'),
(431, 28, 'Ghanzi', 'GH'),
(432, 28, 'Kgalagadi', 'KD'),
(433, 28, 'Kgatleng', 'KT'),
(434, 28, 'Kweneng', 'KW'),
(435, 28, 'Ngamiland', 'NG'),
(436, 28, 'North East', 'NE'),
(437, 28, 'North West', 'NW'),
(438, 28, 'South East', 'SE'),
(439, 28, 'Southern', 'SO'),
(440, 30, 'Acre', 'AC'),
(441, 30, 'Alagoas', 'AL'),
(442, 30, 'Amapá', 'AP'),
(443, 30, 'Amazonas', 'AM'),
(444, 30, 'Bahia', 'BA'),
(445, 30, 'Ceará', 'CE'),
(446, 30, 'Distrito Federal', 'DF'),
(447, 30, 'Espírito Santo', 'ES'),
(448, 30, 'Goiás', 'GO'),
(449, 30, 'Maranhão', 'MA'),
(450, 30, 'Mato Grosso', 'MT'),
(451, 30, 'Mato Grosso do Sul', 'MS'),
(452, 30, 'Minas Gerais', 'MG'),
(453, 30, 'Pará', 'PA'),
(454, 30, 'Paraíba', 'PB'),
(455, 30, 'Paraná', 'PR'),
(456, 30, 'Pernambuco', 'PE'),
(457, 30, 'Piauí', 'PI'),
(458, 30, 'Rio de Janeiro', 'RJ'),
(459, 30, 'Rio Grande do Norte', 'RN'),
(460, 30, 'Rio Grande do Sul', 'RS'),
(461, 30, 'Rondônia', 'RO'),
(462, 30, 'Roraima', 'RR'),
(463, 30, 'Santa Catarina', 'SC'),
(464, 30, 'São Paulo', 'SP'),
(465, 30, 'Sergipe', 'SE'),
(466, 30, 'Tocantins', 'TO'),
(467, 31, 'Peros Banhos', 'PB'),
(468, 31, 'Salomon Islands', 'SI'),
(469, 31, 'Nelsons Island', 'NI'),
(470, 31, 'Three Brothers', 'TB'),
(471, 31, 'Eagle Islands', 'EA'),
(472, 31, 'Danger Island', 'DI'),
(473, 31, 'Egmont Islands', 'EG'),
(474, 31, 'Diego Garcia', 'DG'),
(475, 32, 'Belait', 'BEL'),
(476, 32, 'Brunei and Muara', 'BRM'),
(477, 32, 'Temburong', 'TEM'),
(478, 32, 'Tutong', 'TUT'),
(479, 33, 'Blagoevgrad', ''),
(480, 33, 'Burgas', ''),
(481, 33, 'Dobrich', ''),
(482, 33, 'Gabrovo', ''),
(483, 33, 'Haskovo', ''),
(484, 33, 'Kardjali', ''),
(485, 33, 'Kyustendil', ''),
(486, 33, 'Lovech', ''),
(487, 33, 'Montana', ''),
(488, 33, 'Pazardjik', ''),
(489, 33, 'Pernik', ''),
(490, 33, 'Pleven', ''),
(491, 33, 'Plovdiv', ''),
(492, 33, 'Razgrad', ''),
(493, 33, 'Shumen', ''),
(494, 33, 'Silistra', ''),
(495, 33, 'Sliven', ''),
(496, 33, 'Smolyan', ''),
(497, 33, 'Sofia', ''),
(498, 33, 'Sofia - town', ''),
(499, 33, 'Stara Zagora', ''),
(500, 33, 'Targovishte', ''),
(501, 33, 'Varna', ''),
(502, 33, 'Veliko Tarnovo', ''),
(503, 33, 'Vidin', ''),
(504, 33, 'Vratza', ''),
(505, 33, 'Yambol', ''),
(506, 34, 'Bale', 'BAL'),
(507, 34, 'Bam', 'BAM'),
(508, 34, 'Banwa', 'BAN'),
(509, 34, 'Bazega', 'BAZ'),
(510, 34, 'Bougouriba', 'BOR'),
(511, 34, 'Boulgou', 'BLG'),
(512, 34, 'Boulkiemde', 'BOK'),
(513, 34, 'Comoe', 'COM'),
(514, 34, 'Ganzourgou', 'GAN'),
(515, 34, 'Gnagna', 'GNA'),
(516, 34, 'Gourma', 'GOU'),
(517, 34, 'Houet', 'HOU'),
(518, 34, 'Ioba', 'IOA'),
(519, 34, 'Kadiogo', 'KAD'),
(520, 34, 'Kenedougou', 'KEN'),
(521, 34, 'Komondjari', 'KOD'),
(522, 34, 'Kompienga', 'KOP'),
(523, 34, 'Kossi', 'KOS'),
(524, 34, 'Koulpelogo', 'KOL'),
(525, 34, 'Kouritenga', 'KOT'),
(526, 34, 'Kourweogo', 'KOW'),
(527, 34, 'Leraba', 'LER'),
(528, 34, 'Loroum', 'LOR'),
(529, 34, 'Mouhoun', 'MOU'),
(530, 34, 'Nahouri', 'NAH'),
(531, 34, 'Namentenga', 'NAM'),
(532, 34, 'Nayala', 'NAY'),
(533, 34, 'Noumbiel', 'NOU'),
(534, 34, 'Oubritenga', 'OUB'),
(535, 34, 'Oudalan', 'OUD'),
(536, 34, 'Passore', 'PAS'),
(537, 34, 'Poni', 'PON'),
(538, 34, 'Sanguie', 'SAG'),
(539, 34, 'Sanmatenga', 'SAM'),
(540, 34, 'Seno', 'SEN'),
(541, 34, 'Sissili', 'SIS'),
(542, 34, 'Soum', 'SOM'),
(543, 34, 'Sourou', 'SOR'),
(544, 34, 'Tapoa', 'TAP'),
(545, 34, 'Tuy', 'TUY'),
(546, 34, 'Yagha', 'YAG'),
(547, 34, 'Yatenga', 'YAT'),
(548, 34, 'Ziro', 'ZIR'),
(549, 34, 'Zondoma', 'ZOD'),
(550, 34, 'Zoundweogo', 'ZOW'),
(551, 35, 'Bubanza', 'BB'),
(552, 35, 'Bujumbura', 'BJ'),
(553, 35, 'Bururi', 'BR'),
(554, 35, 'Cankuzo', 'CA'),
(555, 35, 'Cibitoke', 'CI'),
(556, 35, 'Gitega', 'GI'),
(557, 35, 'Karuzi', 'KR'),
(558, 35, 'Kayanza', 'KY'),
(559, 35, 'Kirundo', 'KI'),
(560, 35, 'Makamba', 'MA'),
(561, 35, 'Muramvya', 'MU'),
(562, 35, 'Muyinga', 'MY'),
(563, 35, 'Mwaro', 'MW'),
(564, 35, 'Ngozi', 'NG'),
(565, 35, 'Rutana', 'RT'),
(566, 35, 'Ruyigi', 'RY'),
(567, 36, 'Phnom Penh', 'PP'),
(568, 36, 'Preah Seihanu (Kompong Som or Sihanoukville)', 'PS'),
(569, 36, 'Pailin', 'PA'),
(570, 36, 'Keb', 'KB'),
(571, 36, 'Banteay Meanchey', 'BM'),
(572, 36, 'Battambang', 'BA'),
(573, 36, 'Kampong Cham', 'KM'),
(574, 36, 'Kampong Chhnang', 'KN'),
(575, 36, 'Kampong Speu', 'KU'),
(576, 36, 'Kampong Som', 'KO'),
(577, 36, 'Kampong Thom', 'KT'),
(578, 36, 'Kampot', 'KP'),
(579, 36, 'Kandal', 'KL'),
(580, 36, 'Kaoh Kong', 'KK'),
(581, 36, 'Kratie', 'KR'),
(582, 36, 'Mondul Kiri', 'MK'),
(583, 36, 'Oddar Meancheay', 'OM'),
(584, 36, 'Pursat', 'PU'),
(585, 36, 'Preah Vihear', 'PR'),
(586, 36, 'Prey Veng', 'PG'),
(587, 36, 'Ratanak Kiri', 'RK'),
(588, 36, 'Siemreap', 'SI'),
(589, 36, 'Stung Treng', 'ST'),
(590, 36, 'Svay Rieng', 'SR'),
(591, 36, 'Takeo', 'TK'),
(592, 37, 'Adamawa (Adamaoua)', 'ADA'),
(593, 37, 'Centre', 'CEN'),
(594, 37, 'East (Est)', 'EST'),
(595, 37, 'Extreme North (Extreme-Nord)', 'EXN'),
(596, 37, 'Littoral', 'LIT'),
(597, 37, 'North (Nord)', 'NOR'),
(598, 37, 'Northwest (Nord-Ouest)', 'NOT'),
(599, 37, 'West (Ouest)', 'OUE'),
(600, 37, 'South (Sud)', 'SUD'),
(601, 37, 'Southwest (Sud-Ouest).', 'SOU'),
(602, 38, 'Alberta', 'AB'),
(603, 38, 'British Columbia', 'BC'),
(604, 38, 'Manitoba', 'MB'),
(605, 38, 'New Brunswick', 'NB'),
(606, 38, 'Newfoundland and Labrador', 'NL'),
(607, 38, 'Northwest Territories', 'NT'),
(608, 38, 'Nova Scotia', 'NS'),
(609, 38, 'Nunavut', 'NU'),
(610, 38, 'Ontario', 'ON'),
(611, 38, 'Prince Edward Island', 'PE'),
(612, 38, 'Qu&eacute;bec', 'QC'),
(613, 38, 'Saskatchewan', 'SK'),
(614, 38, 'Yukon Territory', 'YT'),
(615, 39, 'Boa Vista', 'BV'),
(616, 39, 'Brava', 'BR'),
(617, 39, 'Calheta de Sao Miguel', 'CS'),
(618, 39, 'Maio', 'MA'),
(619, 39, 'Mosteiros', 'MO'),
(620, 39, 'Paul', 'PA'),
(621, 39, 'Porto Novo', 'PN'),
(622, 39, 'Praia', 'PR'),
(623, 39, 'Ribeira Grande', 'RG'),
(624, 39, 'Sal', 'SL'),
(625, 39, 'Santa Catarina', 'CA'),
(626, 39, 'Santa Cruz', 'CR'),
(627, 39, 'Sao Domingos', 'SD'),
(628, 39, 'Sao Filipe', 'SF'),
(629, 39, 'Sao Nicolau', 'SN'),
(630, 39, 'Sao Vicente', 'SV'),
(631, 39, 'Tarrafal', 'TA'),
(632, 40, 'Creek', 'CR'),
(633, 40, 'Eastern', 'EA'),
(634, 40, 'Midland', 'ML'),
(635, 40, 'South Town', 'ST'),
(636, 40, 'Spot Bay', 'SP'),
(637, 40, 'Stake Bay', 'SK'),
(638, 40, 'West End', 'WD'),
(639, 40, 'Western', 'WN'),
(640, 41, 'Bamingui-Bangoran', 'BBA'),
(641, 41, 'Basse-Kotto', 'BKO'),
(642, 41, 'Haute-Kotto', 'HKO'),
(643, 41, 'Haut-Mbomou', 'HMB'),
(644, 41, 'Kemo', 'KEM'),
(645, 41, 'Lobaye', 'LOB'),
(646, 41, 'Mambere-KadeÔ', 'MKD'),
(647, 41, 'Mbomou', 'MBO'),
(648, 41, 'Nana-Mambere', 'NMM'),
(649, 41, 'Ombella-M''Poko', 'OMP'),
(650, 41, 'Ouaka', 'OUK'),
(651, 41, 'Ouham', 'OUH'),
(652, 41, 'Ouham-Pende', 'OPE'),
(653, 41, 'Vakaga', 'VAK'),
(654, 41, 'Nana-Grebizi', 'NGR'),
(655, 41, 'Sangha-Mbaere', 'SMB'),
(656, 41, 'Bangui', 'BAN'),
(657, 42, 'Batha', 'BA'),
(658, 42, 'Biltine', 'BI'),
(659, 42, 'Borkou-Ennedi-Tibesti', 'BE'),
(660, 42, 'Chari-Baguirmi', 'CB'),
(661, 42, 'Guera', 'GU'),
(662, 42, 'Kanem', 'KA'),
(663, 42, 'Lac', 'LA'),
(664, 42, 'Logone Occidental', 'LC'),
(665, 42, 'Logone Oriental', 'LR'),
(666, 42, 'Mayo-Kebbi', 'MK'),
(667, 42, 'Moyen-Chari', 'MC'),
(668, 42, 'Ouaddai', 'OU'),
(669, 42, 'Salamat', 'SA'),
(670, 42, 'Tandjile', 'TA'),
(671, 43, 'Aisen del General Carlos Ibanez', 'AI'),
(672, 43, 'Antofagasta', 'AN'),
(673, 43, 'Araucania', 'AR'),
(674, 43, 'Atacama', 'AT'),
(675, 43, 'Bio-Bio', 'BI'),
(676, 43, 'Coquimbo', 'CO'),
(677, 43, 'Libertador General Bernardo O''Higgins', 'LI'),
(678, 43, 'Los Lagos', 'LL'),
(679, 43, 'Magallanes y de la Antartica Chilena', 'MA'),
(680, 43, 'Maule', 'ML'),
(681, 43, 'Region Metropolitana', 'RM'),
(682, 43, 'Tarapaca', 'TA'),
(683, 43, 'Valparaiso', 'VS'),
(684, 44, 'Anhui', 'AN'),
(685, 44, 'Beijing', 'BE'),
(686, 44, 'Chongqing', 'CH'),
(687, 44, 'Fujian', 'FU'),
(688, 44, 'Gansu', 'GA'),
(689, 44, 'Guangdong', 'GU'),
(690, 44, 'Guangxi', 'GX'),
(691, 44, 'Guizhou', 'GZ'),
(692, 44, 'Hainan', 'HA'),
(693, 44, 'Hebei', 'HB'),
(694, 44, 'Heilongjiang', 'HL'),
(695, 44, 'Henan', 'HE'),
(696, 44, 'Hong Kong', 'HK'),
(697, 44, 'Hubei', 'HU'),
(698, 44, 'Hunan', 'HN'),
(699, 44, 'Inner Mongolia', 'IM'),
(700, 44, 'Jiangsu', 'JI'),
(701, 44, 'Jiangxi', 'JX'),
(702, 44, 'Jilin', 'JL'),
(703, 44, 'Liaoning', 'LI'),
(704, 44, 'Macau', 'MA'),
(705, 44, 'Ningxia', 'NI'),
(706, 44, 'Shaanxi', 'SH'),
(707, 44, 'Shandong', 'SA'),
(708, 44, 'Shanghai', 'SG'),
(709, 44, 'Shanxi', 'SX'),
(710, 44, 'Sichuan', 'SI'),
(711, 44, 'Tianjin', 'TI'),
(712, 44, 'Xinjiang', 'XI'),
(713, 44, 'Yunnan', 'YU'),
(714, 44, 'Zhejiang', 'ZH'),
(715, 46, 'Direction Island', 'D'),
(716, 46, 'Home Island', 'H'),
(717, 46, 'Horsburgh Island', 'O'),
(718, 46, 'South Island', 'S'),
(719, 46, 'West Island', 'W'),
(720, 47, 'Amazonas', 'AMZ'),
(721, 47, 'Antioquia', 'ANT'),
(722, 47, 'Arauca', 'ARA'),
(723, 47, 'Atlantico', 'ATL'),
(724, 47, 'Bogota D.C.', 'BDC'),
(725, 47, 'Bolivar', 'BOL'),
(726, 47, 'Boyaca', 'BOY'),
(727, 47, 'Caldas', 'CAL'),
(728, 47, 'Caqueta', 'CAQ'),
(729, 47, 'Casanare', 'CAS'),
(730, 47, 'Cauca', 'CAU'),
(731, 47, 'Cesar', 'CES'),
(732, 47, 'Choco', 'CHO'),
(733, 47, 'Cordoba', 'COR'),
(734, 47, 'Cundinamarca', 'CAM'),
(735, 47, 'Guainia', 'GNA'),
(736, 47, 'Guajira', 'GJR'),
(737, 47, 'Guaviare', 'GVR'),
(738, 47, 'Huila', 'HUI'),
(739, 47, 'Magdalena', 'MAG'),
(740, 47, 'Meta', 'MET'),
(741, 47, 'Narino', 'NAR'),
(742, 47, 'Norte de Santander', 'NDS'),
(743, 47, 'Putumayo', 'PUT'),
(744, 47, 'Quindio', 'QUI'),
(745, 47, 'Risaralda', 'RIS'),
(746, 47, 'San Andres y Providencia', 'SAP'),
(747, 47, 'Santander', 'SAN'),
(748, 47, 'Sucre', 'SUC'),
(749, 47, 'Tolima', 'TOL'),
(750, 47, 'Valle del Cauca', 'VDC'),
(751, 47, 'Vaupes', 'VAU'),
(752, 47, 'Vichada', 'VIC'),
(753, 48, 'Grande Comore', 'G'),
(754, 48, 'Anjouan', 'A'),
(755, 48, 'Moheli', 'M'),
(756, 49, 'Bouenza', 'BO'),
(757, 49, 'Brazzaville', 'BR'),
(758, 49, 'Cuvette', 'CU'),
(759, 49, 'Cuvette-Ouest', 'CO'),
(760, 49, 'Kouilou', 'KO'),
(761, 49, 'Lekoumou', 'LE'),
(762, 49, 'Likouala', 'LI'),
(763, 49, 'Niari', 'NI'),
(764, 49, 'Plateaux', 'PL'),
(765, 49, 'Pool', 'PO'),
(766, 49, 'Sangha', 'SA'),
(767, 50, 'Pukapuka', 'PU'),
(768, 50, 'Rakahanga', 'RK'),
(769, 50, 'Manihiki', 'MK'),
(770, 50, 'Penrhyn', 'PE'),
(771, 50, 'Nassau Island', 'NI'),
(772, 50, 'Surwarrow', 'SU'),
(773, 50, 'Palmerston', 'PA'),
(774, 50, 'Aitutaki', 'AI'),
(775, 50, 'Manuae', 'MA'),
(776, 50, 'Takutea', 'TA'),
(777, 50, 'Mitiaro', 'MT'),
(778, 50, 'Atiu', 'AT'),
(779, 50, 'Mauke', 'MU'),
(780, 50, 'Rarotonga', 'RR'),
(781, 50, 'Mangaia', 'MG'),
(782, 51, 'Alajuela', 'AL'),
(783, 51, 'Cartago', 'CA'),
(784, 51, 'Guanacaste', 'GU'),
(785, 51, 'Heredia', 'HE'),
(786, 51, 'Limon', 'LI'),
(787, 51, 'Puntarenas', 'PU'),
(788, 51, 'San Jose', 'SJ'),
(789, 52, 'Abengourou', 'ABE'),
(790, 52, 'Abidjan', 'ABI'),
(791, 52, 'Aboisso', 'ABO'),
(792, 52, 'Adiake', 'ADI'),
(793, 52, 'Adzope', 'ADZ'),
(794, 52, 'Agboville', 'AGB'),
(795, 52, 'Agnibilekrou', 'AGN'),
(796, 52, 'Alepe', 'ALE'),
(797, 52, 'Bocanda', 'BOC'),
(798, 52, 'Bangolo', 'BAN'),
(799, 52, 'Beoumi', 'BEO'),
(800, 52, 'Biankouma', 'BIA'),
(801, 52, 'Bondoukou', 'BDK'),
(802, 52, 'Bongouanou', 'BGN'),
(803, 52, 'Bouafle', 'BFL'),
(804, 52, 'Bouake', 'BKE'),
(805, 52, 'Bouna', 'BNA'),
(806, 52, 'Boundiali', 'BDL'),
(807, 52, 'Dabakala', 'DKL'),
(808, 52, 'Dabou', 'DBU'),
(809, 52, 'Daloa', 'DAL'),
(810, 52, 'Danane', 'DAN'),
(811, 52, 'Daoukro', 'DAO'),
(812, 52, 'Dimbokro', 'DIM'),
(813, 52, 'Divo', 'DIV'),
(814, 52, 'Duekoue', 'DUE'),
(815, 52, 'Ferkessedougou', 'FER'),
(816, 52, 'Gagnoa', 'GAG'),
(817, 52, 'Grand-Bassam', 'GBA'),
(818, 52, 'Grand-Lahou', 'GLA'),
(819, 52, 'Guiglo', 'GUI'),
(820, 52, 'Issia', 'ISS'),
(821, 52, 'Jacqueville', 'JAC'),
(822, 52, 'Katiola', 'KAT'),
(823, 52, 'Korhogo', 'KOR'),
(824, 52, 'Lakota', 'LAK'),
(825, 52, 'Man', 'MAN'),
(826, 52, 'Mankono', 'MKN'),
(827, 52, 'Mbahiakro', 'MBA'),
(828, 52, 'Odienne', 'ODI'),
(829, 52, 'Oume', 'OUM'),
(830, 52, 'Sakassou', 'SAK'),
(831, 52, 'San-Pedro', 'SPE'),
(832, 52, 'Sassandra', 'SAS'),
(833, 52, 'Seguela', 'SEG'),
(834, 52, 'Sinfra', 'SIN'),
(835, 52, 'Soubre', 'SOU'),
(836, 52, 'Tabou', 'TAB'),
(837, 52, 'Tanda', 'TAN'),
(838, 52, 'Tiebissou', 'TIE'),
(839, 52, 'Tingrela', 'TIN'),
(840, 52, 'Tiassale', 'TIA'),
(841, 52, 'Touba', 'TBA'),
(842, 52, 'Toulepleu', 'TLP'),
(843, 52, 'Toumodi', 'TMD'),
(844, 52, 'Vavoua', 'VAV'),
(845, 52, 'Yamoussoukro', 'YAM'),
(846, 52, 'Zuenoula', 'ZUE'),
(847, 53, 'Bjelovarsko-bilogorska', 'BB'),
(848, 53, 'Grad Zagreb', 'GZ'),
(849, 53, 'Dubrovačko-neretvanska', 'DN'),
(850, 53, 'Istarska', 'IS'),
(851, 53, 'Karlovačka', 'KA'),
(852, 53, 'Koprivničko-križevačka', 'KK'),
(853, 53, 'Krapinsko-zagorska', 'KZ'),
(854, 53, 'Ličko-senjska', 'LS'),
(855, 53, 'Međimurska', 'ME'),
(856, 53, 'Osječko-baranjska', 'OB'),
(857, 53, 'Požeško-slavonska', 'PS'),
(858, 53, 'Primorsko-goranska', 'PG'),
(859, 53, 'Šibensko-kninska', 'SK'),
(860, 53, 'Sisačko-moslavačka', 'SM'),
(861, 53, 'Brodsko-posavska', 'BP'),
(862, 53, 'Splitsko-dalmatinska', 'SD'),
(863, 53, 'Varaždinska', 'VA'),
(864, 53, 'Virovitičko-podravska', 'VP'),
(865, 53, 'Vukovarsko-srijemska', 'VS'),
(866, 53, 'Zadarska', 'ZA'),
(867, 53, 'Zagrebačka', 'ZG'),
(868, 54, 'Camaguey', 'CA'),
(869, 54, 'Ciego de Avila', 'CD'),
(870, 54, 'Cienfuegos', 'CI'),
(871, 54, 'Ciudad de La Habana', 'CH'),
(872, 54, 'Granma', 'GR'),
(873, 54, 'Guantanamo', 'GU'),
(874, 54, 'Holguin', 'HO'),
(875, 54, 'Isla de la Juventud', 'IJ'),
(876, 54, 'La Habana', 'LH'),
(877, 54, 'Las Tunas', 'LT'),
(878, 54, 'Matanzas', 'MA'),
(879, 54, 'Pinar del Rio', 'PR'),
(880, 54, 'Sancti Spiritus', 'SS'),
(881, 54, 'Santiago de Cuba', 'SC'),
(882, 54, 'Villa Clara', 'VC'),
(883, 55, 'Famagusta', 'F'),
(884, 55, 'Kyrenia', 'K'),
(885, 55, 'Larnaca', 'A'),
(886, 55, 'Limassol', 'I'),
(887, 55, 'Nicosia', 'N'),
(888, 55, 'Paphos', 'P'),
(889, 56, 'Ústecký', 'U'),
(890, 56, 'Jihočeský', 'C'),
(891, 56, 'Jihomoravský', 'B'),
(892, 56, 'Karlovarský', 'K'),
(893, 56, 'Královehradecký', 'H'),
(894, 56, 'Liberecký', 'L'),
(895, 56, 'Moravskoslezský', 'T'),
(896, 56, 'Olomoucký', 'M'),
(897, 56, 'Pardubický', 'E'),
(898, 56, 'Plzeňský', 'P'),
(899, 56, 'Praha', 'A'),
(900, 56, 'Středočeský', 'S'),
(901, 56, 'Vysočina', 'J'),
(902, 56, 'Zlínský', 'Z'),
(903, 57, 'Arhus', 'AR'),
(904, 57, 'Bornholm', 'BH'),
(905, 57, 'Copenhagen', 'CO'),
(906, 57, 'Faroe Islands', 'FO'),
(907, 57, 'Frederiksborg', 'FR'),
(908, 57, 'Fyn', 'FY'),
(909, 57, 'Kobenhavn', 'KO'),
(910, 57, 'Nordjylland', 'NO'),
(911, 57, 'Ribe', 'RI'),
(912, 57, 'Ringkobing', 'RK'),
(913, 57, 'Roskilde', 'RO'),
(914, 57, 'Sonderjylland', 'SO'),
(915, 57, 'Storstrom', 'ST'),
(916, 57, 'Vejle', 'VK'),
(917, 57, 'Vestj&aelig;lland', 'VJ'),
(918, 57, 'Viborg', 'VB'),
(919, 58, '''Ali Sabih', 'S'),
(920, 58, 'Dikhil', 'K'),
(921, 58, 'Djibouti', 'J'),
(922, 58, 'Obock', 'O'),
(923, 58, 'Tadjoura', 'T'),
(924, 59, 'Saint Andrew Parish', 'AND'),
(925, 59, 'Saint David Parish', 'DAV'),
(926, 59, 'Saint George Parish', 'GEO'),
(927, 59, 'Saint John Parish', 'JOH'),
(928, 59, 'Saint Joseph Parish', 'JOS'),
(929, 59, 'Saint Luke Parish', 'LUK'),
(930, 59, 'Saint Mark Parish', 'MAR'),
(931, 59, 'Saint Patrick Parish', 'PAT'),
(932, 59, 'Saint Paul Parish', 'PAU'),
(933, 59, 'Saint Peter Parish', 'PET'),
(934, 60, 'Distrito Nacional', 'DN'),
(935, 60, 'Azua', 'AZ'),
(936, 60, 'Baoruco', 'BC'),
(937, 60, 'Barahona', 'BH'),
(938, 60, 'Dajabon', 'DJ'),
(939, 60, 'Duarte', 'DU'),
(940, 60, 'Elias Pina', 'EL'),
(941, 60, 'El Seybo', 'SY'),
(942, 60, 'Espaillat', 'ET'),
(943, 60, 'Hato Mayor', 'HM'),
(944, 60, 'Independencia', 'IN'),
(945, 60, 'La Altagracia', 'AL'),
(946, 60, 'La Romana', 'RO'),
(947, 60, 'La Vega', 'VE'),
(948, 60, 'Maria Trinidad Sanchez', 'MT'),
(949, 60, 'Monsenor Nouel', 'MN'),
(950, 60, 'Monte Cristi', 'MC'),
(951, 60, 'Monte Plata', 'MP'),
(952, 60, 'Pedernales', 'PD'),
(953, 60, 'Peravia (Bani)', 'PR'),
(954, 60, 'Puerto Plata', 'PP'),
(955, 60, 'Salcedo', 'SL'),
(956, 60, 'Samana', 'SM'),
(957, 60, 'Sanchez Ramirez', 'SH'),
(958, 60, 'San Cristobal', 'SC'),
(959, 60, 'San Jose de Ocoa', 'JO'),
(960, 60, 'San Juan', 'SJ'),
(961, 60, 'San Pedro de Macoris', 'PM'),
(962, 60, 'Santiago', 'SA'),
(963, 60, 'Santiago Rodriguez', 'ST'),
(964, 60, 'Santo Domingo', 'SD'),
(965, 60, 'Valverde', 'VA'),
(966, 61, 'Aileu', 'AL'),
(967, 61, 'Ainaro', 'AN'),
(968, 61, 'Baucau', 'BA'),
(969, 61, 'Bobonaro', 'BO'),
(970, 61, 'Cova Lima', 'CO'),
(971, 61, 'Dili', 'DI'),
(972, 61, 'Ermera', 'ER'),
(973, 61, 'Lautem', 'LA'),
(974, 61, 'Liquica', 'LI'),
(975, 61, 'Manatuto', 'MT'),
(976, 61, 'Manufahi', 'MF'),
(977, 61, 'Oecussi', 'OE'),
(978, 61, 'Viqueque', 'VI'),
(979, 62, 'Azuay', 'AZU'),
(980, 62, 'Bolivar', 'BOL'),
(981, 62, 'Ca&ntilde;ar', 'CAN'),
(982, 62, 'Carchi', 'CAR'),
(983, 62, 'Chimborazo', 'CHI'),
(984, 62, 'Cotopaxi', 'COT'),
(985, 62, 'El Oro', 'EOR'),
(986, 62, 'Esmeraldas', 'ESM'),
(987, 62, 'Gal&aacute;pagos', 'GPS'),
(988, 62, 'Guayas', 'GUA'),
(989, 62, 'Imbabura', 'IMB'),
(990, 62, 'Loja', 'LOJ'),
(991, 62, 'Los Rios', 'LRO'),
(992, 62, 'Manab&iacute;', 'MAN'),
(993, 62, 'Morona Santiago', 'MSA'),
(994, 62, 'Napo', 'NAP'),
(995, 62, 'Orellana', 'ORE'),
(996, 62, 'Pastaza', 'PAS'),
(997, 62, 'Pichincha', 'PIC'),
(998, 62, 'Sucumb&iacute;os', 'SUC'),
(999, 62, 'Tungurahua', 'TUN'),
(1000, 62, 'Zamora Chinchipe', 'ZCH'),
(1001, 63, 'Ad Daqahliyah', 'DHY'),
(1002, 63, 'Al Bahr al Ahmar', 'BAM'),
(1003, 63, 'Al Buhayrah', 'BHY'),
(1004, 63, 'Al Fayyum', 'FYM'),
(1005, 63, 'Al Gharbiyah', 'GBY'),
(1006, 63, 'Al Iskandariyah', 'IDR'),
(1007, 63, 'Al Isma''iliyah', 'IML'),
(1008, 63, 'Al Jizah', 'JZH'),
(1009, 63, 'Al Minufiyah', 'MFY'),
(1010, 63, 'Al Minya', 'MNY'),
(1011, 63, 'Al Qahirah', 'QHR'),
(1012, 63, 'Al Qalyubiyah', 'QLY'),
(1013, 63, 'Al Wadi al Jadid', 'WJD'),
(1014, 63, 'Ash Sharqiyah', 'SHQ'),
(1015, 63, 'As Suways', 'SWY'),
(1016, 63, 'Aswan', 'ASW'),
(1017, 63, 'Asyut', 'ASY'),
(1018, 63, 'Bani Suwayf', 'BSW'),
(1019, 63, 'Bur Sa''id', 'BSD'),
(1020, 63, 'Dumyat', 'DMY'),
(1021, 63, 'Janub Sina''', 'JNS'),
(1022, 63, 'Kafr ash Shaykh', 'KSH'),
(1023, 63, 'Matruh', 'MAT'),
(1024, 63, 'Qina', 'QIN'),
(1025, 63, 'Shamal Sina''', 'SHS'),
(1026, 63, 'Suhaj', 'SUH'),
(1027, 64, 'Ahuachapan', 'AH'),
(1028, 64, 'Cabanas', 'CA'),
(1029, 64, 'Chalatenango', 'CH'),
(1030, 64, 'Cuscatlan', 'CU'),
(1031, 64, 'La Libertad', 'LB'),
(1032, 64, 'La Paz', 'PZ'),
(1033, 64, 'La Union', 'UN'),
(1034, 64, 'Morazan', 'MO'),
(1035, 64, 'San Miguel', 'SM'),
(1036, 64, 'San Salvador', 'SS'),
(1037, 64, 'San Vicente', 'SV'),
(1038, 64, 'Santa Ana', 'SA'),
(1039, 64, 'Sonsonate', 'SO'),
(1040, 64, 'Usulutan', 'US'),
(1041, 65, 'Provincia Annobon', 'AN'),
(1042, 65, 'Provincia Bioko Norte', 'BN'),
(1043, 65, 'Provincia Bioko Sur', 'BS'),
(1044, 65, 'Provincia Centro Sur', 'CS'),
(1045, 65, 'Provincia Kie-Ntem', 'KN'),
(1046, 65, 'Provincia Litoral', 'LI'),
(1047, 65, 'Provincia Wele-Nzas', 'WN'),
(1048, 66, 'Central (Maekel)', 'MA'),
(1049, 66, 'Anseba (Keren)', 'KE'),
(1050, 66, 'Southern Red Sea (Debub-Keih-Bahri)', 'DK'),
(1051, 66, 'Northern Red Sea (Semien-Keih-Bahri)', 'SK'),
(1052, 66, 'Southern (Debub)', 'DE'),
(1053, 66, 'Gash-Barka (Barentu)', 'BR'),
(1054, 67, 'Harjumaa (Tallinn)', 'HA'),
(1055, 67, 'Hiiumaa (Kardla)', 'HI'),
(1056, 67, 'Ida-Virumaa (Johvi)', 'IV'),
(1057, 67, 'Jarvamaa (Paide)', 'JA'),
(1058, 67, 'Jogevamaa (Jogeva)', 'JO'),
(1059, 67, 'Laane-Virumaa (Rakvere)', 'LV'),
(1060, 67, 'Laanemaa (Haapsalu)', 'LA'),
(1061, 67, 'Parnumaa (Parnu)', 'PA'),
(1062, 67, 'Polvamaa (Polva)', 'PO'),
(1063, 67, 'Raplamaa (Rapla)', 'RA'),
(1064, 67, 'Saaremaa (Kuessaare)', 'SA'),
(1065, 67, 'Tartumaa (Tartu)', 'TA'),
(1066, 67, 'Valgamaa (Valga)', 'VA'),
(1067, 67, 'Viljandimaa (Viljandi)', 'VI'),
(1068, 67, 'Vorumaa (Voru)', 'VO'),
(1069, 68, 'Afar', 'AF'),
(1070, 68, 'Amhara', 'AH'),
(1071, 68, 'Benishangul-Gumaz', 'BG'),
(1072, 68, 'Gambela', 'GB'),
(1073, 68, 'Hariai', 'HR'),
(1074, 68, 'Oromia', 'OR'),
(1075, 68, 'Somali', 'SM'),
(1076, 68, 'Southern Nations - Nationalities and Peoples Region', 'SN'),
(1077, 68, 'Tigray', 'TG'),
(1078, 68, 'Addis Ababa', 'AA'),
(1079, 68, 'Dire Dawa', 'DD'),
(1080, 71, 'Central Division', 'C'),
(1081, 71, 'Northern Division', 'N'),
(1082, 71, 'Eastern Division', 'E'),
(1083, 71, 'Western Division', 'W'),
(1084, 71, 'Rotuma', 'R'),
(1085, 72, 'Ahvenanmaan lääni', 'AL'),
(1086, 72, 'Etelä-Suomen lääni', 'ES'),
(1087, 72, 'Itä-Suomen lääni', 'IS'),
(1088, 72, 'Länsi-Suomen lääni', 'LS'),
(1089, 72, 'Lapin lääni', 'LA'),
(1090, 72, 'Oulun lääni', 'OU'),
(1114, 74, 'Ain', '01'),
(1115, 74, 'Aisne', '02'),
(1116, 74, 'Allier', '03'),
(1117, 74, 'Alpes de Haute Provence', '04'),
(1118, 74, 'Hautes-Alpes', '05'),
(1119, 74, 'Alpes Maritimes', '06'),
(1120, 74, 'Ard&egrave;che', '07'),
(1121, 74, 'Ardennes', '08'),
(1122, 74, 'Ari&egrave;ge', '09'),
(1123, 74, 'Aube', '10'),
(1124, 74, 'Aude', '11'),
(1125, 74, 'Aveyron', '12'),
(1126, 74, 'Bouches du Rh&ocirc;ne', '13'),
(1127, 74, 'Calvados', '14'),
(1128, 74, 'Cantal', '15'),
(1129, 74, 'Charente', '16'),
(1130, 74, 'Charente Maritime', '17'),
(1131, 74, 'Cher', '18'),
(1132, 74, 'Corr&egrave;ze', '19'),
(1133, 74, 'Corse du Sud', '2A'),
(1134, 74, 'Haute Corse', '2B'),
(1135, 74, 'C&ocirc;te d&#039;or', '21'),
(1136, 74, 'C&ocirc;tes d&#039;Armor', '22'),
(1137, 74, 'Creuse', '23'),
(1138, 74, 'Dordogne', '24'),
(1139, 74, 'Doubs', '25'),
(1140, 74, 'Dr&ocirc;me', '26'),
(1141, 74, 'Eure', '27'),
(1142, 74, 'Eure et Loir', '28'),
(1143, 74, 'Finist&egrave;re', '29'),
(1144, 74, 'Gard', '30'),
(1145, 74, 'Haute Garonne', '31'),
(1146, 74, 'Gers', '32'),
(1147, 74, 'Gironde', '33'),
(1148, 74, 'H&eacute;rault', '34'),
(1149, 74, 'Ille et Vilaine', '35'),
(1150, 74, 'Indre', '36'),
(1151, 74, 'Indre et Loire', '37'),
(1152, 74, 'Is&eacute;re', '38'),
(1153, 74, 'Jura', '39'),
(1154, 74, 'Landes', '40'),
(1155, 74, 'Loir et Cher', '41'),
(1156, 74, 'Loire', '42'),
(1157, 74, 'Haute Loire', '43'),
(1158, 74, 'Loire Atlantique', '44'),
(1159, 74, 'Loiret', '45'),
(1160, 74, 'Lot', '46'),
(1161, 74, 'Lot et Garonne', '47'),
(1162, 74, 'Loz&egrave;re', '48'),
(1163, 74, 'Maine et Loire', '49'),
(1164, 74, 'Manche', '50'),
(1165, 74, 'Marne', '51'),
(1166, 74, 'Haute Marne', '52'),
(1167, 74, 'Mayenne', '53'),
(1168, 74, 'Meurthe et Moselle', '54'),
(1169, 74, 'Meuse', '55'),
(1170, 74, 'Morbihan', '56'),
(1171, 74, 'Moselle', '57'),
(1172, 74, 'Ni&egrave;vre', '58'),
(1173, 74, 'Nord', '59'),
(1174, 74, 'Oise', '60'),
(1175, 74, 'Orne', '61'),
(1176, 74, 'Pas de Calais', '62'),
(1177, 74, 'Puy de D&ocirc;me', '63'),
(1178, 74, 'Pyr&eacute;n&eacute;es Atlantiques', '64'),
(1179, 74, 'Hautes Pyr&eacute;n&eacute;es', '65'),
(1180, 74, 'Pyr&eacute;n&eacute;es Orientales', '66'),
(1181, 74, 'Bas Rhin', '67'),
(1182, 74, 'Haut Rhin', '68'),
(1183, 74, 'Rh&ocirc;ne', '69'),
(1184, 74, 'Haute Sa&ocirc;ne', '70'),
(1185, 74, 'Sa&ocirc;ne et Loire', '71'),
(1186, 74, 'Sarthe', '72'),
(1187, 74, 'Savoie', '73'),
(1188, 74, 'Haute Savoie', '74'),
(1189, 74, 'Paris', '75'),
(1190, 74, 'Seine Maritime', '76'),
(1191, 74, 'Seine et Marne', '77'),
(1192, 74, 'Yvelines', '78'),
(1193, 74, 'Deux S&egrave;vres', '79'),
(1194, 74, 'Somme', '80'),
(1195, 74, 'Tarn', '81'),
(1196, 74, 'Tarn et Garonne', '82'),
(1197, 74, 'Var', '83'),
(1198, 74, 'Vaucluse', '84'),
(1199, 74, 'Vend&eacute;e', '85'),
(1200, 74, 'Vienne', '86'),
(1201, 74, 'Haute Vienne', '87'),
(1202, 74, 'Vosges', '88'),
(1203, 74, 'Yonne', '89'),
(1204, 74, 'Territoire de Belfort', '90'),
(1205, 74, 'Essonne', '91'),
(1206, 74, 'Hauts de Seine', '92'),
(1207, 74, 'Seine St-Denis', '93'),
(1208, 74, 'Val de Marne', '94'),
(1209, 74, 'Val d''Oise', '95'),
(1210, 76, 'Archipel des Marquises', 'M'),
(1211, 76, 'Archipel des Tuamotu', 'T'),
(1212, 76, 'Archipel des Tubuai', 'I'),
(1213, 76, 'Iles du Vent', 'V'),
(1214, 76, 'Iles Sous-le-Vent', 'S'),
(1215, 77, 'Iles Crozet', 'C'),
(1216, 77, 'Iles Kerguelen', 'K'),
(1217, 77, 'Ile Amsterdam', 'A'),
(1218, 77, 'Ile Saint-Paul', 'P'),
(1219, 77, 'Adelie Land', 'D'),
(1220, 78, 'Estuaire', 'ES'),
(1221, 78, 'Haut-Ogooue', 'HO'),
(1222, 78, 'Moyen-Ogooue', 'MO'),
(1223, 78, 'Ngounie', 'NG'),
(1224, 78, 'Nyanga', 'NY'),
(1225, 78, 'Ogooue-Ivindo', 'OI'),
(1226, 78, 'Ogooue-Lolo', 'OL'),
(1227, 78, 'Ogooue-Maritime', 'OM'),
(1228, 78, 'Woleu-Ntem', 'WN'),
(1229, 79, 'Banjul', 'BJ'),
(1230, 79, 'Basse', 'BS'),
(1231, 79, 'Brikama', 'BR'),
(1232, 79, 'Janjangbure', 'JA'),
(1233, 79, 'Kanifeng', 'KA'),
(1234, 79, 'Kerewan', 'KE'),
(1235, 79, 'Kuntaur', 'KU'),
(1236, 79, 'Mansakonko', 'MA'),
(1237, 79, 'Lower River', 'LR'),
(1238, 79, 'Central River', 'CR'),
(1239, 79, 'North Bank', 'NB'),
(1240, 79, 'Upper River', 'UR'),
(1241, 79, 'Western', 'WE'),
(1242, 80, 'Abkhazia', 'AB'),
(1243, 80, 'Ajaria', 'AJ'),
(1244, 80, 'Tbilisi', 'TB'),
(1245, 80, 'Guria', 'GU'),
(1246, 80, 'Imereti', 'IM'),
(1247, 80, 'Kakheti', 'KA'),
(1248, 80, 'Kvemo Kartli', 'KK'),
(1249, 80, 'Mtskheta-Mtianeti', 'MM'),
(1250, 80, 'Racha Lechkhumi and Kvemo Svanet', 'RL'),
(1251, 80, 'Samegrelo-Zemo Svaneti', 'SZ'),
(1252, 80, 'Samtskhe-Javakheti', 'SJ'),
(1253, 80, 'Shida Kartli', 'SK'),
(1254, 81, 'Baden-W&uuml;rttemberg', 'BAW'),
(1255, 81, 'Bayern', 'BAY'),
(1256, 81, 'Berlin', 'BER'),
(1257, 81, 'Brandenburg', 'BRG'),
(1258, 81, 'Bremen', 'BRE'),
(1259, 81, 'Hamburg', 'HAM'),
(1260, 81, 'Hessen', 'HES'),
(1261, 81, 'Mecklenburg-Vorpommern', 'MEC'),
(1262, 81, 'Niedersachsen', 'NDS'),
(1263, 81, 'Nordrhein-Westfalen', 'NRW'),
(1264, 81, 'Rheinland-Pfalz', 'RHE'),
(1265, 81, 'Saarland', 'SAR'),
(1266, 81, 'Sachsen', 'SAS'),
(1267, 81, 'Sachsen-Anhalt', 'SAC'),
(1268, 81, 'Schleswig-Holstein', 'SCN'),
(1269, 81, 'Th&uuml;ringen', 'THE'),
(1270, 82, 'Ashanti Region', 'AS'),
(1271, 82, 'Brong-Ahafo Region', 'BA'),
(1272, 82, 'Central Region', 'CE'),
(1273, 82, 'Eastern Region', 'EA'),
(1274, 82, 'Greater Accra Region', 'GA'),
(1275, 82, 'Northern Region', 'NO'),
(1276, 82, 'Upper East Region', 'UE'),
(1277, 82, 'Upper West Region', 'UW'),
(1278, 82, 'Volta Region', 'VO'),
(1279, 82, 'Western Region', 'WE'),
(1280, 84, 'Attica', 'AT'),
(1281, 84, 'Central Greece', 'CN'),
(1282, 84, 'Central Macedonia', 'CM'),
(1283, 84, 'Crete', 'CR'),
(1284, 84, 'East Macedonia and Thrace', 'EM'),
(1285, 84, 'Epirus', 'EP'),
(1286, 84, 'Ionian Islands', 'II'),
(1287, 84, 'North Aegean', 'NA'),
(1288, 84, 'Peloponnesos', 'PP'),
(1289, 84, 'South Aegean', 'SA'),
(1290, 84, 'Thessaly', 'TH'),
(1291, 84, 'West Greece', 'WG'),
(1292, 84, 'West Macedonia', 'WM'),
(1293, 85, 'Avannaa', 'A'),
(1294, 85, 'Tunu', 'T'),
(1295, 85, 'Kitaa', 'K'),
(1296, 86, 'Saint Andrew', 'A'),
(1297, 86, 'Saint David', 'D'),
(1298, 86, 'Saint George', 'G'),
(1299, 86, 'Saint John', 'J'),
(1300, 86, 'Saint Mark', 'M'),
(1301, 86, 'Saint Patrick', 'P'),
(1302, 86, 'Carriacou', 'C'),
(1303, 86, 'Petit Martinique', 'Q'),
(1304, 89, 'Alta Verapaz', 'AV'),
(1305, 89, 'Baja Verapaz', 'BV'),
(1306, 89, 'Chimaltenango', 'CM'),
(1307, 89, 'Chiquimula', 'CQ'),
(1308, 89, 'El Peten', 'PE'),
(1309, 89, 'El Progreso', 'PR'),
(1310, 89, 'El Quiche', 'QC'),
(1311, 89, 'Escuintla', 'ES'),
(1312, 89, 'Guatemala', 'GU'),
(1313, 89, 'Huehuetenango', 'HU'),
(1314, 89, 'Izabal', 'IZ'),
(1315, 89, 'Jalapa', 'JA'),
(1316, 89, 'Jutiapa', 'JU'),
(1317, 89, 'Quetzaltenango', 'QZ'),
(1318, 89, 'Retalhuleu', 'RE'),
(1319, 89, 'Sacatepequez', 'ST'),
(1320, 89, 'San Marcos', 'SM'),
(1321, 89, 'Santa Rosa', 'SR'),
(1322, 89, 'Solola', 'SO'),
(1323, 89, 'Suchitepequez', 'SU'),
(1324, 89, 'Totonicapan', 'TO'),
(1325, 89, 'Zacapa', 'ZA'),
(1326, 90, 'Conakry', 'CNK'),
(1327, 90, 'Beyla', 'BYL'),
(1328, 90, 'Boffa', 'BFA'),
(1329, 90, 'Boke', 'BOK'),
(1330, 90, 'Coyah', 'COY'),
(1331, 90, 'Dabola', 'DBL'),
(1332, 90, 'Dalaba', 'DLB'),
(1333, 90, 'Dinguiraye', 'DGR'),
(1334, 90, 'Dubreka', 'DBR'),
(1335, 90, 'Faranah', 'FRN'),
(1336, 90, 'Forecariah', 'FRC'),
(1337, 90, 'Fria', 'FRI'),
(1338, 90, 'Gaoual', 'GAO'),
(1339, 90, 'Gueckedou', 'GCD'),
(1340, 90, 'Kankan', 'KNK'),
(1341, 90, 'Kerouane', 'KRN'),
(1342, 90, 'Kindia', 'KND'),
(1343, 90, 'Kissidougou', 'KSD'),
(1344, 90, 'Koubia', 'KBA'),
(1345, 90, 'Koundara', 'KDA'),
(1346, 90, 'Kouroussa', 'KRA'),
(1347, 90, 'Labe', 'LAB'),
(1348, 90, 'Lelouma', 'LLM'),
(1349, 90, 'Lola', 'LOL'),
(1350, 90, 'Macenta', 'MCT'),
(1351, 90, 'Mali', 'MAL'),
(1352, 90, 'Mamou', 'MAM'),
(1353, 90, 'Mandiana', 'MAN'),
(1354, 90, 'Nzerekore', 'NZR'),
(1355, 90, 'Pita', 'PIT'),
(1356, 90, 'Siguiri', 'SIG'),
(1357, 90, 'Telimele', 'TLM'),
(1358, 90, 'Tougue', 'TOG'),
(1359, 90, 'Yomou', 'YOM'),
(1360, 91, 'Bafata Region', 'BF'),
(1361, 91, 'Biombo Region', 'BB'),
(1362, 91, 'Bissau Region', 'BS'),
(1363, 91, 'Bolama Region', 'BL'),
(1364, 91, 'Cacheu Region', 'CA'),
(1365, 91, 'Gabu Region', 'GA'),
(1366, 91, 'Oio Region', 'OI'),
(1367, 91, 'Quinara Region', 'QU'),
(1368, 91, 'Tombali Region', 'TO'),
(1369, 92, 'Barima-Waini', 'BW'),
(1370, 92, 'Cuyuni-Mazaruni', 'CM'),
(1371, 92, 'Demerara-Mahaica', 'DM'),
(1372, 92, 'East Berbice-Corentyne', 'EC'),
(1373, 92, 'Essequibo Islands-West Demerara', 'EW'),
(1374, 92, 'Mahaica-Berbice', 'MB'),
(1375, 92, 'Pomeroon-Supenaam', 'PM'),
(1376, 92, 'Potaro-Siparuni', 'PI'),
(1377, 92, 'Upper Demerara-Berbice', 'UD'),
(1378, 92, 'Upper Takutu-Upper Essequibo', 'UT'),
(1379, 93, 'Artibonite', 'AR'),
(1380, 93, 'Centre', 'CE'),
(1381, 93, 'Grand''Anse', 'GA'),
(1382, 93, 'Nord', 'ND'),
(1383, 93, 'Nord-Est', 'NE'),
(1384, 93, 'Nord-Ouest', 'NO'),
(1385, 93, 'Ouest', 'OU'),
(1386, 93, 'Sud', 'SD'),
(1387, 93, 'Sud-Est', 'SE'),
(1388, 94, 'Flat Island', 'F'),
(1389, 94, 'McDonald Island', 'M'),
(1390, 94, 'Shag Island', 'S'),
(1391, 94, 'Heard Island', 'H'),
(1392, 95, 'Atlantida', 'AT'),
(1393, 95, 'Choluteca', 'CH'),
(1394, 95, 'Colon', 'CL'),
(1395, 95, 'Comayagua', 'CM'),
(1396, 95, 'Copan', 'CP'),
(1397, 95, 'Cortes', 'CR'),
(1398, 95, 'El Paraiso', 'PA'),
(1399, 95, 'Francisco Morazan', 'FM'),
(1400, 95, 'Gracias a Dios', 'GD'),
(1401, 95, 'Intibuca', 'IN'),
(1402, 95, 'Islas de la Bahia (Bay Islands)', 'IB'),
(1403, 95, 'La Paz', 'PZ'),
(1404, 95, 'Lempira', 'LE'),
(1405, 95, 'Ocotepeque', 'OC'),
(1406, 95, 'Olancho', 'OL'),
(1407, 95, 'Santa Barbara', 'SB'),
(1408, 95, 'Valle', 'VA'),
(1409, 95, 'Yoro', 'YO'),
(1410, 96, 'Central and Western Hong Kong Island', 'HCW'),
(1411, 96, 'Eastern Hong Kong Island', 'HEA'),
(1412, 96, 'Southern Hong Kong Island', 'HSO'),
(1413, 96, 'Wan Chai Hong Kong Island', 'HWC'),
(1414, 96, 'Kowloon City Kowloon', 'KKC'),
(1415, 96, 'Kwun Tong Kowloon', 'KKT'),
(1416, 96, 'Sham Shui Po Kowloon', 'KSS'),
(1417, 96, 'Wong Tai Sin Kowloon', 'KWT'),
(1418, 96, 'Yau Tsim Mong Kowloon', 'KYT'),
(1419, 96, 'Islands New Territories', 'NIS'),
(1420, 96, 'Kwai Tsing New Territories', 'NKT'),
(1421, 96, 'North New Territories', 'NNO'),
(1422, 96, 'Sai Kung New Territories', 'NSK'),
(1423, 96, 'Sha Tin New Territories', 'NST'),
(1424, 96, 'Tai Po New Territories', 'NTP'),
(1425, 96, 'Tsuen Wan New Territories', 'NTW'),
(1426, 96, 'Tuen Mun New Territories', 'NTM'),
(1427, 96, 'Yuen Long New Territories', 'NYL'),
(1467, 98, 'Austurland', 'AL'),
(1468, 98, 'Hofuoborgarsvaeoi', 'HF'),
(1469, 98, 'Norourland eystra', 'NE'),
(1470, 98, 'Norourland vestra', 'NV'),
(1471, 98, 'Suourland', 'SL'),
(1472, 98, 'Suournes', 'SN'),
(1473, 98, 'Vestfiroir', 'VF'),
(1474, 98, 'Vesturland', 'VL'),
(1475, 99, 'Andaman and Nicobar Islands', 'AN'),
(1476, 99, 'Andhra Pradesh', 'AP'),
(1477, 99, 'Arunachal Pradesh', 'AR'),
(1478, 99, 'Assam', 'AS'),
(1479, 99, 'Bihar', 'BI'),
(1480, 99, 'Chandigarh', 'CH'),
(1481, 99, 'Dadra and Nagar Haveli', 'DA'),
(1482, 99, 'Daman and Diu', 'DM'),
(1483, 99, 'Delhi', 'DE'),
(1484, 99, 'Goa', 'GO'),
(1485, 99, 'Gujarat', 'GU'),
(1486, 99, 'Haryana', 'HA'),
(1487, 99, 'Himachal Pradesh', 'HP'),
(1488, 99, 'Jammu and Kashmir', 'JA'),
(1489, 99, 'Karnataka', 'KA'),
(1490, 99, 'Kerala', 'KE'),
(1491, 99, 'Lakshadweep Islands', 'LI'),
(1492, 99, 'Madhya Pradesh', 'MP'),
(1493, 99, 'Maharashtra', 'MA'),
(1494, 99, 'Manipur', 'MN'),
(1495, 99, 'Meghalaya', 'ME'),
(1496, 99, 'Mizoram', 'MI'),
(1497, 99, 'Nagaland', 'NA'),
(1498, 99, 'Orissa', 'OR'),
(1499, 99, 'Puducherry', 'PO'),
(1500, 99, 'Punjab', 'PU'),
(1501, 99, 'Rajasthan', 'RA'),
(1502, 99, 'Sikkim', 'SI'),
(1503, 99, 'Tamil Nadu', 'TN'),
(1504, 99, 'Tripura', 'TR'),
(1505, 99, 'Uttar Pradesh', 'UP'),
(1506, 99, 'West Bengal', 'WB'),
(1507, 100, 'Aceh', 'AC'),
(1508, 100, 'Bali', 'BA'),
(1509, 100, 'Banten', 'BT'),
(1510, 100, 'Bengkulu', 'BE'),
(1511, 100, 'BoDeTaBek', 'BD'),
(1512, 100, 'Gorontalo', 'GO'),
(1513, 100, 'Jakarta Raya', 'JK'),
(1514, 100, 'Jambi', 'JA'),
(1515, 100, 'Jawa Barat', 'JB'),
(1516, 100, 'Jawa Tengah', 'JT'),
(1517, 100, 'Jawa Timur', 'JI'),
(1518, 100, 'Kalimantan Barat', 'KB'),
(1519, 100, 'Kalimantan Selatan', 'KS'),
(1520, 100, 'Kalimantan Tengah', 'KT'),
(1521, 100, 'Kalimantan Timur', 'KI'),
(1522, 100, 'Kepulauan Bangka Belitung', 'BB'),
(1523, 100, 'Lampung', 'LA'),
(1524, 100, 'Maluku', 'MA'),
(1525, 100, 'Maluku Utara', 'MU'),
(1526, 100, 'Nusa Tenggara Barat', 'NB'),
(1527, 100, 'Nusa Tenggara Timur', 'NT'),
(1528, 100, 'Papua', 'PA'),
(1529, 100, 'Riau', 'RI'),
(1530, 100, 'Sulawesi Selatan', 'SN'),
(1531, 100, 'Sulawesi Tengah', 'ST'),
(1532, 100, 'Sulawesi Tenggara', 'SG'),
(1533, 100, 'Sulawesi Utara', 'SA'),
(1534, 100, 'Sumatera Barat', 'SB'),
(1535, 100, 'Sumatera Selatan', 'SS'),
(1536, 100, 'Sumatera Utara', 'SU'),
(1537, 100, 'Yogyakarta', 'YO'),
(1538, 101, 'Tehran', 'TEH'),
(1539, 101, 'Qom', 'QOM'),
(1540, 101, 'Markazi', 'MKZ'),
(1541, 101, 'Qazvin', 'QAZ'),
(1542, 101, 'Gilan', 'GIL'),
(1543, 101, 'Ardabil', 'ARD'),
(1544, 101, 'Zanjan', 'ZAN'),
(1545, 101, 'East Azarbaijan', 'EAZ'),
(1546, 101, 'West Azarbaijan', 'WEZ'),
(1547, 101, 'Kurdistan', 'KRD'),
(1548, 101, 'Hamadan', 'HMD'),
(1549, 101, 'Kermanshah', 'KRM'),
(1550, 101, 'Ilam', 'ILM'),
(1551, 101, 'Lorestan', 'LRS'),
(1552, 101, 'Khuzestan', 'KZT'),
(1553, 101, 'Chahar Mahaal and Bakhtiari', 'CMB'),
(1554, 101, 'Kohkiluyeh and Buyer Ahmad', 'KBA'),
(1555, 101, 'Bushehr', 'BSH'),
(1556, 101, 'Fars', 'FAR'),
(1557, 101, 'Hormozgan', 'HRM'),
(1558, 101, 'Sistan and Baluchistan', 'SBL'),
(1559, 101, 'Kerman', 'KRB'),
(1560, 101, 'Yazd', 'YZD'),
(1561, 101, 'Esfahan', 'EFH'),
(1562, 101, 'Semnan', 'SMN'),
(1563, 101, 'Mazandaran', 'MZD'),
(1564, 101, 'Golestan', 'GLS'),
(1565, 101, 'North Khorasan', 'NKH'),
(1566, 101, 'Razavi Khorasan', 'RKH'),
(1567, 101, 'South Khorasan', 'SKH'),
(1568, 102, 'Baghdad', 'BD'),
(1569, 102, 'Salah ad Din', 'SD'),
(1570, 102, 'Diyala', 'DY'),
(1571, 102, 'Wasit', 'WS'),
(1572, 102, 'Maysan', 'MY'),
(1573, 102, 'Al Basrah', 'BA'),
(1574, 102, 'Dhi Qar', 'DQ'),
(1575, 102, 'Al Muthanna', 'MU'),
(1576, 102, 'Al Qadisyah', 'QA'),
(1577, 102, 'Babil', 'BB'),
(1578, 102, 'Al Karbala', 'KB'),
(1579, 102, 'An Najaf', 'NJ'),
(1580, 102, 'Al Anbar', 'AB'),
(1581, 102, 'Ninawa', 'NN'),
(1582, 102, 'Dahuk', 'DH'),
(1583, 102, 'Arbil', 'AL'),
(1584, 102, 'At Ta''mim', 'TM'),
(1585, 102, 'As Sulaymaniyah', 'SL'),
(1586, 103, 'Carlow', 'CA'),
(1587, 103, 'Cavan', 'CV'),
(1588, 103, 'Clare', 'CL'),
(1589, 103, 'Cork', 'CO'),
(1590, 103, 'Donegal', 'DO'),
(1591, 103, 'Dublin', 'DU'),
(1592, 103, 'Galway', 'GA'),
(1593, 103, 'Kerry', 'KE'),
(1594, 103, 'Kildare', 'KI'),
(1595, 103, 'Kilkenny', 'KL'),
(1596, 103, 'Laois', 'LA'),
(1597, 103, 'Leitrim', 'LE'),
(1598, 103, 'Limerick', 'LI'),
(1599, 103, 'Longford', 'LO'),
(1600, 103, 'Louth', 'LU'),
(1601, 103, 'Mayo', 'MA'),
(1602, 103, 'Meath', 'ME'),
(1603, 103, 'Monaghan', 'MO'),
(1604, 103, 'Offaly', 'OF'),
(1605, 103, 'Roscommon', 'RO'),
(1606, 103, 'Sligo', 'SL'),
(1607, 103, 'Tipperary', 'TI'),
(1608, 103, 'Waterford', 'WA'),
(1609, 103, 'Westmeath', 'WE'),
(1610, 103, 'Wexford', 'WX'),
(1611, 103, 'Wicklow', 'WI'),
(1612, 104, 'Be''er Sheva', 'BS'),
(1613, 104, 'Bika''at Hayarden', 'BH'),
(1614, 104, 'Eilat and Arava', 'EA'),
(1615, 104, 'Galil', 'GA'),
(1616, 104, 'Haifa', 'HA'),
(1617, 104, 'Jehuda Mountains', 'JM'),
(1618, 104, 'Jerusalem', 'JE'),
(1619, 104, 'Negev', 'NE'),
(1620, 104, 'Semaria', 'SE'),
(1621, 104, 'Sharon', 'SH'),
(1622, 104, 'Tel Aviv (Gosh Dan)', 'TA'),
(1643, 106, 'Clarendon Parish', 'CLA'),
(1644, 106, 'Hanover Parish', 'HAN'),
(1645, 106, 'Kingston Parish', 'KIN'),
(1646, 106, 'Manchester Parish', 'MAN'),
(1647, 106, 'Portland Parish', 'POR'),
(1648, 106, 'Saint Andrew Parish', 'AND'),
(1649, 106, 'Saint Ann Parish', 'ANN'),
(1650, 106, 'Saint Catherine Parish', 'CAT'),
(1651, 106, 'Saint Elizabeth Parish', 'ELI'),
(1652, 106, 'Saint James Parish', 'JAM'),
(1653, 106, 'Saint Mary Parish', 'MAR'),
(1654, 106, 'Saint Thomas Parish', 'THO'),
(1655, 106, 'Trelawny Parish', 'TRL'),
(1656, 106, 'Westmoreland Parish', 'WML'),
(1657, 107, 'Aichi', 'AI'),
(1658, 107, 'Akita', 'AK'),
(1659, 107, 'Aomori', 'AO'),
(1660, 107, 'Chiba', 'CH'),
(1661, 107, 'Ehime', 'EH'),
(1662, 107, 'Fukui', 'FK'),
(1663, 107, 'Fukuoka', 'FU'),
(1664, 107, 'Fukushima', 'FS'),
(1665, 107, 'Gifu', 'GI'),
(1666, 107, 'Gumma', 'GU'),
(1667, 107, 'Hiroshima', 'HI'),
(1668, 107, 'Hokkaido', 'HO'),
(1669, 107, 'Hyogo', 'HY'),
(1670, 107, 'Ibaraki', 'IB'),
(1671, 107, 'Ishikawa', 'IS'),
(1672, 107, 'Iwate', 'IW'),
(1673, 107, 'Kagawa', 'KA'),
(1674, 107, 'Kagoshima', 'KG'),
(1675, 107, 'Kanagawa', 'KN'),
(1676, 107, 'Kochi', 'KO'),
(1677, 107, 'Kumamoto', 'KU'),
(1678, 107, 'Kyoto', 'KY'),
(1679, 107, 'Mie', 'MI'),
(1680, 107, 'Miyagi', 'MY'),
(1681, 107, 'Miyazaki', 'MZ'),
(1682, 107, 'Nagano', 'NA'),
(1683, 107, 'Nagasaki', 'NG'),
(1684, 107, 'Nara', 'NR'),
(1685, 107, 'Niigata', 'NI'),
(1686, 107, 'Oita', 'OI'),
(1687, 107, 'Okayama', 'OK'),
(1688, 107, 'Okinawa', 'ON'),
(1689, 107, 'Osaka', 'OS'),
(1690, 107, 'Saga', 'SA'),
(1691, 107, 'Saitama', 'SI'),
(1692, 107, 'Shiga', 'SH'),
(1693, 107, 'Shimane', 'SM'),
(1694, 107, 'Shizuoka', 'SZ'),
(1695, 107, 'Tochigi', 'TO'),
(1696, 107, 'Tokushima', 'TS'),
(1697, 107, 'Tokyo', 'TK'),
(1698, 107, 'Tottori', 'TT'),
(1699, 107, 'Toyama', 'TY'),
(1700, 107, 'Wakayama', 'WA'),
(1701, 107, 'Yamagata', 'YA'),
(1702, 107, 'Yamaguchi', 'YM'),
(1703, 107, 'Yamanashi', 'YN'),
(1704, 108, '''Amman', 'AM'),
(1705, 108, 'Ajlun', 'AJ'),
(1706, 108, 'Al ''Aqabah', 'AA'),
(1707, 108, 'Al Balqa''', 'AB'),
(1708, 108, 'Al Karak', 'AK'),
(1709, 108, 'Al Mafraq', 'AL'),
(1710, 108, 'At Tafilah', 'AT'),
(1711, 108, 'Az Zarqa''', 'AZ'),
(1712, 108, 'Irbid', 'IR'),
(1713, 108, 'Jarash', 'JA'),
(1714, 108, 'Ma''an', 'MA'),
(1715, 108, 'Madaba', 'MD'),
(1716, 109, 'Almaty', 'AL'),
(1717, 109, 'Almaty City', 'AC'),
(1718, 109, 'Aqmola', 'AM'),
(1719, 109, 'Aqtobe', 'AQ'),
(1720, 109, 'Astana City', 'AS'),
(1721, 109, 'Atyrau', 'AT'),
(1722, 109, 'Batys Qazaqstan', 'BA'),
(1723, 109, 'Bayqongyr City', 'BY'),
(1724, 109, 'Mangghystau', 'MA'),
(1725, 109, 'Ongtustik Qazaqstan', 'ON'),
(1726, 109, 'Pavlodar', 'PA'),
(1727, 109, 'Qaraghandy', 'QA'),
(1728, 109, 'Qostanay', 'QO'),
(1729, 109, 'Qyzylorda', 'QY'),
(1730, 109, 'Shyghys Qazaqstan', 'SH'),
(1731, 109, 'Soltustik Qazaqstan', 'SO'),
(1732, 109, 'Zhambyl', 'ZH'),
(1733, 110, 'Central', 'CE'),
(1734, 110, 'Coast', 'CO'),
(1735, 110, 'Eastern', 'EA'),
(1736, 110, 'Nairobi Area', 'NA'),
(1737, 110, 'North Eastern', 'NE'),
(1738, 110, 'Nyanza', 'NY'),
(1739, 110, 'Rift Valley', 'RV'),
(1740, 110, 'Western', 'WE'),
(1741, 111, 'Abaiang', 'AG'),
(1742, 111, 'Abemama', 'AM'),
(1743, 111, 'Aranuka', 'AK'),
(1744, 111, 'Arorae', 'AO'),
(1745, 111, 'Banaba', 'BA'),
(1746, 111, 'Beru', 'BE'),
(1747, 111, 'Butaritari', 'bT'),
(1748, 111, 'Kanton', 'KA'),
(1749, 111, 'Kiritimati', 'KR'),
(1750, 111, 'Kuria', 'KU'),
(1751, 111, 'Maiana', 'MI'),
(1752, 111, 'Makin', 'MN'),
(1753, 111, 'Marakei', 'ME'),
(1754, 111, 'Nikunau', 'NI'),
(1755, 111, 'Nonouti', 'NO'),
(1756, 111, 'Onotoa', 'ON'),
(1757, 111, 'Tabiteuea', 'TT'),
(1758, 111, 'Tabuaeran', 'TR'),
(1759, 111, 'Tamana', 'TM'),
(1760, 111, 'Tarawa', 'TW'),
(1761, 111, 'Teraina', 'TE'),
(1762, 112, 'Chagang-do', 'CHA'),
(1763, 112, 'Hamgyong-bukto', 'HAB'),
(1764, 112, 'Hamgyong-namdo', 'HAN'),
(1765, 112, 'Hwanghae-bukto', 'HWB'),
(1766, 112, 'Hwanghae-namdo', 'HWN'),
(1767, 112, 'Kangwon-do', 'KAN'),
(1768, 112, 'P''yongan-bukto', 'PYB');
INSERT INTO `zone` (`zone_id`, `country_id`, `name`, `code`) VALUES
(1769, 112, 'P''yongan-namdo', 'PYN'),
(1770, 112, 'Ryanggang-do (Yanggang-do)', 'YAN'),
(1771, 112, 'Rason Directly Governed City', 'NAJ'),
(1772, 112, 'P''yongyang Special City', 'PYO'),
(1773, 113, 'Ch''ungch''ong-bukto', 'CO'),
(1774, 113, 'Ch''ungch''ong-namdo', 'CH'),
(1775, 113, 'Cheju-do', 'CD'),
(1776, 113, 'Cholla-bukto', 'CB'),
(1777, 113, 'Cholla-namdo', 'CN'),
(1778, 113, 'Inch''on-gwangyoksi', 'IG'),
(1779, 113, 'Kangwon-do', 'KA'),
(1780, 113, 'Kwangju-gwangyoksi', 'KG'),
(1781, 113, 'Kyonggi-do', 'KD'),
(1782, 113, 'Kyongsang-bukto', 'KB'),
(1783, 113, 'Kyongsang-namdo', 'KN'),
(1784, 113, 'Pusan-gwangyoksi', 'PG'),
(1785, 113, 'Soul-t''ukpyolsi', 'SO'),
(1786, 113, 'Taegu-gwangyoksi', 'TA'),
(1787, 113, 'Taejon-gwangyoksi', 'TG'),
(1788, 114, 'Al ''Asimah', 'AL'),
(1789, 114, 'Al Ahmadi', 'AA'),
(1790, 114, 'Al Farwaniyah', 'AF'),
(1791, 114, 'Al Jahra''', 'AJ'),
(1792, 114, 'Hawalli', 'HA'),
(1793, 115, 'Bishkek', 'GB'),
(1794, 115, 'Batken', 'B'),
(1795, 115, 'Chu', 'C'),
(1796, 115, 'Jalal-Abad', 'J'),
(1797, 115, 'Naryn', 'N'),
(1798, 115, 'Osh', 'O'),
(1799, 115, 'Talas', 'T'),
(1800, 115, 'Ysyk-Kol', 'Y'),
(1801, 116, 'Vientiane', 'VT'),
(1802, 116, 'Attapu', 'AT'),
(1803, 116, 'Bokeo', 'BK'),
(1804, 116, 'Bolikhamxai', 'BL'),
(1805, 116, 'Champasak', 'CH'),
(1806, 116, 'Houaphan', 'HO'),
(1807, 116, 'Khammouan', 'KH'),
(1808, 116, 'Louang Namtha', 'LM'),
(1809, 116, 'Louangphabang', 'LP'),
(1810, 116, 'Oudomxai', 'OU'),
(1811, 116, 'Phongsali', 'PH'),
(1812, 116, 'Salavan', 'SL'),
(1813, 116, 'Savannakhet', 'SV'),
(1814, 116, 'Vientiane', 'VI'),
(1815, 116, 'Xaignabouli', 'XA'),
(1816, 116, 'Xekong', 'XE'),
(1817, 116, 'Xiangkhoang', 'XI'),
(1818, 116, 'Xaisomboun', 'XN'),
(1852, 119, 'Berea', 'BE'),
(1853, 119, 'Butha-Buthe', 'BB'),
(1854, 119, 'Leribe', 'LE'),
(1855, 119, 'Mafeteng', 'MF'),
(1856, 119, 'Maseru', 'MS'),
(1857, 119, 'Mohale''s Hoek', 'MH'),
(1858, 119, 'Mokhotlong', 'MK'),
(1859, 119, 'Qacha''s Nek', 'QN'),
(1860, 119, 'Quthing', 'QT'),
(1861, 119, 'Thaba-Tseka', 'TT'),
(1862, 120, 'Bomi', 'BI'),
(1863, 120, 'Bong', 'BG'),
(1864, 120, 'Grand Bassa', 'GB'),
(1865, 120, 'Grand Cape Mount', 'CM'),
(1866, 120, 'Grand Gedeh', 'GG'),
(1867, 120, 'Grand Kru', 'GK'),
(1868, 120, 'Lofa', 'LO'),
(1869, 120, 'Margibi', 'MG'),
(1870, 120, 'Maryland', 'ML'),
(1871, 120, 'Montserrado', 'MS'),
(1872, 120, 'Nimba', 'NB'),
(1873, 120, 'River Cess', 'RC'),
(1874, 120, 'Sinoe', 'SN'),
(1875, 121, 'Ajdabiya', 'AJ'),
(1876, 121, 'Al ''Aziziyah', 'AZ'),
(1877, 121, 'Al Fatih', 'FA'),
(1878, 121, 'Al Jabal al Akhdar', 'JA'),
(1879, 121, 'Al Jufrah', 'JU'),
(1880, 121, 'Al Khums', 'KH'),
(1881, 121, 'Al Kufrah', 'KU'),
(1882, 121, 'An Nuqat al Khams', 'NK'),
(1883, 121, 'Ash Shati''', 'AS'),
(1884, 121, 'Awbari', 'AW'),
(1885, 121, 'Az Zawiyah', 'ZA'),
(1886, 121, 'Banghazi', 'BA'),
(1887, 121, 'Darnah', 'DA'),
(1888, 121, 'Ghadamis', 'GD'),
(1889, 121, 'Gharyan', 'GY'),
(1890, 121, 'Misratah', 'MI'),
(1891, 121, 'Murzuq', 'MZ'),
(1892, 121, 'Sabha', 'SB'),
(1893, 121, 'Sawfajjin', 'SW'),
(1894, 121, 'Surt', 'SU'),
(1895, 121, 'Tarabulus (Tripoli)', 'TL'),
(1896, 121, 'Tarhunah', 'TH'),
(1897, 121, 'Tubruq', 'TU'),
(1898, 121, 'Yafran', 'YA'),
(1899, 121, 'Zlitan', 'ZL'),
(1900, 122, 'Vaduz', 'V'),
(1901, 122, 'Schaan', 'A'),
(1902, 122, 'Balzers', 'B'),
(1903, 122, 'Triesen', 'N'),
(1904, 122, 'Eschen', 'E'),
(1905, 122, 'Mauren', 'M'),
(1906, 122, 'Triesenberg', 'T'),
(1907, 122, 'Ruggell', 'R'),
(1908, 122, 'Gamprin', 'G'),
(1909, 122, 'Schellenberg', 'L'),
(1910, 122, 'Planken', 'P'),
(1911, 123, 'Alytus', 'AL'),
(1912, 123, 'Kaunas', 'KA'),
(1913, 123, 'Klaipeda', 'KL'),
(1914, 123, 'Marijampole', 'MA'),
(1915, 123, 'Panevezys', 'PA'),
(1916, 123, 'Siauliai', 'SI'),
(1917, 123, 'Taurage', 'TA'),
(1918, 123, 'Telsiai', 'TE'),
(1919, 123, 'Utena', 'UT'),
(1920, 123, 'Vilnius', 'VI'),
(1921, 124, 'Diekirch', 'DD'),
(1922, 124, 'Clervaux', 'DC'),
(1923, 124, 'Redange', 'DR'),
(1924, 124, 'Vianden', 'DV'),
(1925, 124, 'Wiltz', 'DW'),
(1926, 124, 'Grevenmacher', 'GG'),
(1927, 124, 'Echternach', 'GE'),
(1928, 124, 'Remich', 'GR'),
(1929, 124, 'Luxembourg', 'LL'),
(1930, 124, 'Capellen', 'LC'),
(1931, 124, 'Esch-sur-Alzette', 'LE'),
(1932, 124, 'Mersch', 'LM'),
(1933, 125, 'Our Lady Fatima Parish', 'OLF'),
(1934, 125, 'St. Anthony Parish', 'ANT'),
(1935, 125, 'St. Lazarus Parish', 'LAZ'),
(1936, 125, 'Cathedral Parish', 'CAT'),
(1937, 125, 'St. Lawrence Parish', 'LAW'),
(1938, 127, 'Antananarivo', 'AN'),
(1939, 127, 'Antsiranana', 'AS'),
(1940, 127, 'Fianarantsoa', 'FN'),
(1941, 127, 'Mahajanga', 'MJ'),
(1942, 127, 'Toamasina', 'TM'),
(1943, 127, 'Toliara', 'TL'),
(1944, 128, 'Balaka', 'BLK'),
(1945, 128, 'Blantyre', 'BLT'),
(1946, 128, 'Chikwawa', 'CKW'),
(1947, 128, 'Chiradzulu', 'CRD'),
(1948, 128, 'Chitipa', 'CTP'),
(1949, 128, 'Dedza', 'DDZ'),
(1950, 128, 'Dowa', 'DWA'),
(1951, 128, 'Karonga', 'KRG'),
(1952, 128, 'Kasungu', 'KSG'),
(1953, 128, 'Likoma', 'LKM'),
(1954, 128, 'Lilongwe', 'LLG'),
(1955, 128, 'Machinga', 'MCG'),
(1956, 128, 'Mangochi', 'MGC'),
(1957, 128, 'Mchinji', 'MCH'),
(1958, 128, 'Mulanje', 'MLJ'),
(1959, 128, 'Mwanza', 'MWZ'),
(1960, 128, 'Mzimba', 'MZM'),
(1961, 128, 'Ntcheu', 'NTU'),
(1962, 128, 'Nkhata Bay', 'NKB'),
(1963, 128, 'Nkhotakota', 'NKH'),
(1964, 128, 'Nsanje', 'NSJ'),
(1965, 128, 'Ntchisi', 'NTI'),
(1966, 128, 'Phalombe', 'PHL'),
(1967, 128, 'Rumphi', 'RMP'),
(1968, 128, 'Salima', 'SLM'),
(1969, 128, 'Thyolo', 'THY'),
(1970, 128, 'Zomba', 'ZBA'),
(1971, 129, 'Johor', 'MY-01'),
(1972, 129, 'Kedah', 'MY-02'),
(1973, 129, 'Kelantan', 'MY-03'),
(1974, 129, 'Labuan', 'MY-15'),
(1975, 129, 'Melaka', 'MY-04'),
(1976, 129, 'Negeri Sembilan', 'MY-05'),
(1977, 129, 'Pahang', 'MY-06'),
(1978, 129, 'Perak', 'MY-08'),
(1979, 129, 'Perlis', 'MY-09'),
(1980, 129, 'Pulau Pinang', 'MY-07'),
(1981, 129, 'Sabah', 'MY-12'),
(1982, 129, 'Sarawak', 'MY-13'),
(1983, 129, 'Selangor', 'MY-10'),
(1984, 129, 'Terengganu', 'MY-11'),
(1985, 129, 'Kuala Lumpur', 'MY-14'),
(1986, 130, 'Thiladhunmathi Uthuru', 'THU'),
(1987, 130, 'Thiladhunmathi Dhekunu', 'THD'),
(1988, 130, 'Miladhunmadulu Uthuru', 'MLU'),
(1989, 130, 'Miladhunmadulu Dhekunu', 'MLD'),
(1990, 130, 'Maalhosmadulu Uthuru', 'MAU'),
(1991, 130, 'Maalhosmadulu Dhekunu', 'MAD'),
(1992, 130, 'Faadhippolhu', 'FAA'),
(1993, 130, 'Male Atoll', 'MAA'),
(1994, 130, 'Ari Atoll Uthuru', 'AAU'),
(1995, 130, 'Ari Atoll Dheknu', 'AAD'),
(1996, 130, 'Felidhe Atoll', 'FEA'),
(1997, 130, 'Mulaku Atoll', 'MUA'),
(1998, 130, 'Nilandhe Atoll Uthuru', 'NAU'),
(1999, 130, 'Nilandhe Atoll Dhekunu', 'NAD'),
(2000, 130, 'Kolhumadulu', 'KLH'),
(2001, 130, 'Hadhdhunmathi', 'HDH'),
(2002, 130, 'Huvadhu Atoll Uthuru', 'HAU'),
(2003, 130, 'Huvadhu Atoll Dhekunu', 'HAD'),
(2004, 130, 'Fua Mulaku', 'FMU'),
(2005, 130, 'Addu', 'ADD'),
(2006, 131, 'Gao', 'GA'),
(2007, 131, 'Kayes', 'KY'),
(2008, 131, 'Kidal', 'KD'),
(2009, 131, 'Koulikoro', 'KL'),
(2010, 131, 'Mopti', 'MP'),
(2011, 131, 'Segou', 'SG'),
(2012, 131, 'Sikasso', 'SK'),
(2013, 131, 'Tombouctou', 'TB'),
(2014, 131, 'Bamako Capital District', 'CD'),
(2015, 132, 'Attard', 'ATT'),
(2016, 132, 'Balzan', 'BAL'),
(2017, 132, 'Birgu', 'BGU'),
(2018, 132, 'Birkirkara', 'BKK'),
(2019, 132, 'Birzebbuga', 'BRZ'),
(2020, 132, 'Bormla', 'BOR'),
(2021, 132, 'Dingli', 'DIN'),
(2022, 132, 'Fgura', 'FGU'),
(2023, 132, 'Floriana', 'FLO'),
(2024, 132, 'Gudja', 'GDJ'),
(2025, 132, 'Gzira', 'GZR'),
(2026, 132, 'Gargur', 'GRG'),
(2027, 132, 'Gaxaq', 'GXQ'),
(2028, 132, 'Hamrun', 'HMR'),
(2029, 132, 'Iklin', 'IKL'),
(2030, 132, 'Isla', 'ISL'),
(2031, 132, 'Kalkara', 'KLK'),
(2032, 132, 'Kirkop', 'KRK'),
(2033, 132, 'Lija', 'LIJ'),
(2034, 132, 'Luqa', 'LUQ'),
(2035, 132, 'Marsa', 'MRS'),
(2036, 132, 'Marsaskala', 'MKL'),
(2037, 132, 'Marsaxlokk', 'MXL'),
(2038, 132, 'Mdina', 'MDN'),
(2039, 132, 'Melliea', 'MEL'),
(2040, 132, 'Mgarr', 'MGR'),
(2041, 132, 'Mosta', 'MST'),
(2042, 132, 'Mqabba', 'MQA'),
(2043, 132, 'Msida', 'MSI'),
(2044, 132, 'Mtarfa', 'MTF'),
(2045, 132, 'Naxxar', 'NAX'),
(2046, 132, 'Paola', 'PAO'),
(2047, 132, 'Pembroke', 'PEM'),
(2048, 132, 'Pieta', 'PIE'),
(2049, 132, 'Qormi', 'QOR'),
(2050, 132, 'Qrendi', 'QRE'),
(2051, 132, 'Rabat', 'RAB'),
(2052, 132, 'Safi', 'SAF'),
(2053, 132, 'San Giljan', 'SGI'),
(2054, 132, 'Santa Lucija', 'SLU'),
(2055, 132, 'San Pawl il-Bahar', 'SPB'),
(2056, 132, 'San Gwann', 'SGW'),
(2057, 132, 'Santa Venera', 'SVE'),
(2058, 132, 'Siggiewi', 'SIG'),
(2059, 132, 'Sliema', 'SLM'),
(2060, 132, 'Swieqi', 'SWQ'),
(2061, 132, 'Ta Xbiex', 'TXB'),
(2062, 132, 'Tarxien', 'TRX'),
(2063, 132, 'Valletta', 'VLT'),
(2064, 132, 'Xgajra', 'XGJ'),
(2065, 132, 'Zabbar', 'ZBR'),
(2066, 132, 'Zebbug', 'ZBG'),
(2067, 132, 'Zejtun', 'ZJT'),
(2068, 132, 'Zurrieq', 'ZRQ'),
(2069, 132, 'Fontana', 'FNT'),
(2070, 132, 'Ghajnsielem', 'GHJ'),
(2071, 132, 'Gharb', 'GHR'),
(2072, 132, 'Ghasri', 'GHS'),
(2073, 132, 'Kercem', 'KRC'),
(2074, 132, 'Munxar', 'MUN'),
(2075, 132, 'Nadur', 'NAD'),
(2076, 132, 'Qala', 'QAL'),
(2077, 132, 'Victoria', 'VIC'),
(2078, 132, 'San Lawrenz', 'SLA'),
(2079, 132, 'Sannat', 'SNT'),
(2080, 132, 'Xagra', 'ZAG'),
(2081, 132, 'Xewkija', 'XEW'),
(2082, 132, 'Zebbug', 'ZEB'),
(2083, 133, 'Ailinginae', 'ALG'),
(2084, 133, 'Ailinglaplap', 'ALL'),
(2085, 133, 'Ailuk', 'ALK'),
(2086, 133, 'Arno', 'ARN'),
(2087, 133, 'Aur', 'AUR'),
(2088, 133, 'Bikar', 'BKR'),
(2089, 133, 'Bikini', 'BKN'),
(2090, 133, 'Bokak', 'BKK'),
(2091, 133, 'Ebon', 'EBN'),
(2092, 133, 'Enewetak', 'ENT'),
(2093, 133, 'Erikub', 'EKB'),
(2094, 133, 'Jabat', 'JBT'),
(2095, 133, 'Jaluit', 'JLT'),
(2096, 133, 'Jemo', 'JEM'),
(2097, 133, 'Kili', 'KIL'),
(2098, 133, 'Kwajalein', 'KWJ'),
(2099, 133, 'Lae', 'LAE'),
(2100, 133, 'Lib', 'LIB'),
(2101, 133, 'Likiep', 'LKP'),
(2102, 133, 'Majuro', 'MJR'),
(2103, 133, 'Maloelap', 'MLP'),
(2104, 133, 'Mejit', 'MJT'),
(2105, 133, 'Mili', 'MIL'),
(2106, 133, 'Namorik', 'NMK'),
(2107, 133, 'Namu', 'NAM'),
(2108, 133, 'Rongelap', 'RGL'),
(2109, 133, 'Rongrik', 'RGK'),
(2110, 133, 'Toke', 'TOK'),
(2111, 133, 'Ujae', 'UJA'),
(2112, 133, 'Ujelang', 'UJL'),
(2113, 133, 'Utirik', 'UTK'),
(2114, 133, 'Wotho', 'WTH'),
(2115, 133, 'Wotje', 'WTJ'),
(2116, 135, 'Adrar', 'AD'),
(2117, 135, 'Assaba', 'AS'),
(2118, 135, 'Brakna', 'BR'),
(2119, 135, 'Dakhlet Nouadhibou', 'DN'),
(2120, 135, 'Gorgol', 'GO'),
(2121, 135, 'Guidimaka', 'GM'),
(2122, 135, 'Hodh Ech Chargui', 'HC'),
(2123, 135, 'Hodh El Gharbi', 'HG'),
(2124, 135, 'Inchiri', 'IN'),
(2125, 135, 'Tagant', 'TA'),
(2126, 135, 'Tiris Zemmour', 'TZ'),
(2127, 135, 'Trarza', 'TR'),
(2128, 135, 'Nouakchott', 'NO'),
(2129, 136, 'Beau Bassin-Rose Hill', 'BR'),
(2130, 136, 'Curepipe', 'CU'),
(2131, 136, 'Port Louis', 'PU'),
(2132, 136, 'Quatre Bornes', 'QB'),
(2133, 136, 'Vacoas-Phoenix', 'VP'),
(2134, 136, 'Agalega Islands', 'AG'),
(2135, 136, 'Cargados Carajos Shoals (Saint Brandon Islands)', 'CC'),
(2136, 136, 'Rodrigues', 'RO'),
(2137, 136, 'Black River', 'BL'),
(2138, 136, 'Flacq', 'FL'),
(2139, 136, 'Grand Port', 'GP'),
(2140, 136, 'Moka', 'MO'),
(2141, 136, 'Pamplemousses', 'PA'),
(2142, 136, 'Plaines Wilhems', 'PW'),
(2143, 136, 'Port Louis', 'PL'),
(2144, 136, 'Riviere du Rempart', 'RR'),
(2145, 136, 'Savanne', 'SA'),
(2146, 138, 'Baja California Norte', 'BN'),
(2147, 138, 'Baja California Sur', 'BS'),
(2148, 138, 'Campeche', 'CA'),
(2149, 138, 'Chiapas', 'CI'),
(2150, 138, 'Chihuahua', 'CH'),
(2151, 138, 'Coahuila de Zaragoza', 'CZ'),
(2152, 138, 'Colima', 'CL'),
(2153, 138, 'Distrito Federal', 'DF'),
(2154, 138, 'Durango', 'DU'),
(2155, 138, 'Guanajuato', 'GA'),
(2156, 138, 'Guerrero', 'GE'),
(2157, 138, 'Hidalgo', 'HI'),
(2158, 138, 'Jalisco', 'JA'),
(2159, 138, 'Mexico', 'ME'),
(2160, 138, 'Michoacan de Ocampo', 'MI'),
(2161, 138, 'Morelos', 'MO'),
(2162, 138, 'Nayarit', 'NA'),
(2163, 138, 'Nuevo Leon', 'NL'),
(2164, 138, 'Oaxaca', 'OA'),
(2165, 138, 'Puebla', 'PU'),
(2166, 138, 'Queretaro de Arteaga', 'QA'),
(2167, 138, 'Quintana Roo', 'QR'),
(2168, 138, 'San Luis Potosi', 'SA'),
(2169, 138, 'Sinaloa', 'SI'),
(2170, 138, 'Sonora', 'SO'),
(2171, 138, 'Tabasco', 'TB'),
(2172, 138, 'Tamaulipas', 'TM'),
(2173, 138, 'Tlaxcala', 'TL'),
(2174, 138, 'Veracruz-Llave', 'VE'),
(2175, 138, 'Yucatan', 'YU'),
(2176, 138, 'Zacatecas', 'ZA'),
(2177, 139, 'Chuuk', 'C'),
(2178, 139, 'Kosrae', 'K'),
(2179, 139, 'Pohnpei', 'P'),
(2180, 139, 'Yap', 'Y'),
(2181, 140, 'Gagauzia', 'GA'),
(2182, 140, 'Chisinau', 'CU'),
(2183, 140, 'Balti', 'BA'),
(2184, 140, 'Cahul', 'CA'),
(2185, 140, 'Edinet', 'ED'),
(2186, 140, 'Lapusna', 'LA'),
(2187, 140, 'Orhei', 'OR'),
(2188, 140, 'Soroca', 'SO'),
(2189, 140, 'Tighina', 'TI'),
(2190, 140, 'Ungheni', 'UN'),
(2191, 140, 'St‚nga Nistrului', 'SN'),
(2192, 141, 'Fontvieille', 'FV'),
(2193, 141, 'La Condamine', 'LC'),
(2194, 141, 'Monaco-Ville', 'MV'),
(2195, 141, 'Monte-Carlo', 'MC'),
(2196, 142, 'Ulanbaatar', '1'),
(2197, 142, 'Orhon', '035'),
(2198, 142, 'Darhan uul', '037'),
(2199, 142, 'Hentiy', '039'),
(2200, 142, 'Hovsgol', '041'),
(2201, 142, 'Hovd', '043'),
(2202, 142, 'Uvs', '046'),
(2203, 142, 'Tov', '047'),
(2204, 142, 'Selenge', '049'),
(2205, 142, 'Suhbaatar', '051'),
(2206, 142, 'Omnogovi', '053'),
(2207, 142, 'Ovorhangay', '055'),
(2208, 142, 'Dzavhan', '057'),
(2209, 142, 'DundgovL', '059'),
(2210, 142, 'Dornod', '061'),
(2211, 142, 'Dornogov', '063'),
(2212, 142, 'Govi-Sumber', '064'),
(2213, 142, 'Govi-Altay', '065'),
(2214, 142, 'Bulgan', '067'),
(2215, 142, 'Bayanhongor', '069'),
(2216, 142, 'Bayan-Olgiy', '071'),
(2217, 142, 'Arhangay', '073'),
(2218, 143, 'Saint Anthony', 'A'),
(2219, 143, 'Saint Georges', 'G'),
(2220, 143, 'Saint Peter', 'P'),
(2221, 144, 'Agadir', 'AGD'),
(2222, 144, 'Al Hoceima', 'HOC'),
(2223, 144, 'Azilal', 'AZI'),
(2224, 144, 'Beni Mellal', 'BME'),
(2225, 144, 'Ben Slimane', 'BSL'),
(2226, 144, 'Boulemane', 'BLM'),
(2227, 144, 'Casablanca', 'CBL'),
(2228, 144, 'Chaouen', 'CHA'),
(2229, 144, 'El Jadida', 'EJA'),
(2230, 144, 'El Kelaa des Sraghna', 'EKS'),
(2231, 144, 'Er Rachidia', 'ERA'),
(2232, 144, 'Essaouira', 'ESS'),
(2233, 144, 'Fes', 'FES'),
(2234, 144, 'Figuig', 'FIG'),
(2235, 144, 'Guelmim', 'GLM'),
(2236, 144, 'Ifrane', 'IFR'),
(2237, 144, 'Kenitra', 'KEN'),
(2238, 144, 'Khemisset', 'KHM'),
(2239, 144, 'Khenifra', 'KHN'),
(2240, 144, 'Khouribga', 'KHO'),
(2241, 144, 'Laayoune', 'LYN'),
(2242, 144, 'Larache', 'LAR'),
(2243, 144, 'Marrakech', 'MRK'),
(2244, 144, 'Meknes', 'MKN'),
(2245, 144, 'Nador', 'NAD'),
(2246, 144, 'Ouarzazate', 'ORZ'),
(2247, 144, 'Oujda', 'OUJ'),
(2248, 144, 'Rabat-Sale', 'RSA'),
(2249, 144, 'Safi', 'SAF'),
(2250, 144, 'Settat', 'SET'),
(2251, 144, 'Sidi Kacem', 'SKA'),
(2252, 144, 'Tangier', 'TGR'),
(2253, 144, 'Tan-Tan', 'TAN'),
(2254, 144, 'Taounate', 'TAO'),
(2255, 144, 'Taroudannt', 'TRD'),
(2256, 144, 'Tata', 'TAT'),
(2257, 144, 'Taza', 'TAZ'),
(2258, 144, 'Tetouan', 'TET'),
(2259, 144, 'Tiznit', 'TIZ'),
(2260, 144, 'Ad Dakhla', 'ADK'),
(2261, 144, 'Boujdour', 'BJD'),
(2262, 144, 'Es Smara', 'ESM'),
(2263, 145, 'Cabo Delgado', 'CD'),
(2264, 145, 'Gaza', 'GZ'),
(2265, 145, 'Inhambane', 'IN'),
(2266, 145, 'Manica', 'MN'),
(2267, 145, 'Maputo (city)', 'MC'),
(2268, 145, 'Maputo', 'MP'),
(2269, 145, 'Nampula', 'NA'),
(2270, 145, 'Niassa', 'NI'),
(2271, 145, 'Sofala', 'SO'),
(2272, 145, 'Tete', 'TE'),
(2273, 145, 'Zambezia', 'ZA'),
(2274, 146, 'Ayeyarwady', 'AY'),
(2275, 146, 'Bago', 'BG'),
(2276, 146, 'Magway', 'MG'),
(2277, 146, 'Mandalay', 'MD'),
(2278, 146, 'Sagaing', 'SG'),
(2279, 146, 'Tanintharyi', 'TN'),
(2280, 146, 'Yangon', 'YG'),
(2281, 146, 'Chin State', 'CH'),
(2282, 146, 'Kachin State', 'KC'),
(2283, 146, 'Kayah State', 'KH'),
(2284, 146, 'Kayin State', 'KN'),
(2285, 146, 'Mon State', 'MN'),
(2286, 146, 'Rakhine State', 'RK'),
(2287, 146, 'Shan State', 'SH'),
(2288, 147, 'Caprivi', 'CA'),
(2289, 147, 'Erongo', 'ER'),
(2290, 147, 'Hardap', 'HA'),
(2291, 147, 'Karas', 'KR'),
(2292, 147, 'Kavango', 'KV'),
(2293, 147, 'Khomas', 'KH'),
(2294, 147, 'Kunene', 'KU'),
(2295, 147, 'Ohangwena', 'OW'),
(2296, 147, 'Omaheke', 'OK'),
(2297, 147, 'Omusati', 'OT'),
(2298, 147, 'Oshana', 'ON'),
(2299, 147, 'Oshikoto', 'OO'),
(2300, 147, 'Otjozondjupa', 'OJ'),
(2301, 148, 'Aiwo', 'AO'),
(2302, 148, 'Anabar', 'AA'),
(2303, 148, 'Anetan', 'AT'),
(2304, 148, 'Anibare', 'AI'),
(2305, 148, 'Baiti', 'BA'),
(2306, 148, 'Boe', 'BO'),
(2307, 148, 'Buada', 'BU'),
(2308, 148, 'Denigomodu', 'DE'),
(2309, 148, 'Ewa', 'EW'),
(2310, 148, 'Ijuw', 'IJ'),
(2311, 148, 'Meneng', 'ME'),
(2312, 148, 'Nibok', 'NI'),
(2313, 148, 'Uaboe', 'UA'),
(2314, 148, 'Yaren', 'YA'),
(2315, 149, 'Bagmati', 'BA'),
(2316, 149, 'Bheri', 'BH'),
(2317, 149, 'Dhawalagiri', 'DH'),
(2318, 149, 'Gandaki', 'GA'),
(2319, 149, 'Janakpur', 'JA'),
(2320, 149, 'Karnali', 'KA'),
(2321, 149, 'Kosi', 'KO'),
(2322, 149, 'Lumbini', 'LU'),
(2323, 149, 'Mahakali', 'MA'),
(2324, 149, 'Mechi', 'ME'),
(2325, 149, 'Narayani', 'NA'),
(2326, 149, 'Rapti', 'RA'),
(2327, 149, 'Sagarmatha', 'SA'),
(2328, 149, 'Seti', 'SE'),
(2329, 150, 'Drenthe', 'DR'),
(2330, 150, 'Flevoland', 'FL'),
(2331, 150, 'Friesland', 'FR'),
(2332, 150, 'Gelderland', 'GE'),
(2333, 150, 'Groningen', 'GR'),
(2334, 150, 'Limburg', 'LI'),
(2335, 150, 'Noord Brabant', 'NB'),
(2336, 150, 'Noord Holland', 'NH'),
(2337, 150, 'Overijssel', 'OV'),
(2338, 150, 'Utrecht', 'UT'),
(2339, 150, 'Zeeland', 'ZE'),
(2340, 150, 'Zuid Holland', 'ZH'),
(2341, 152, 'Iles Loyaute', 'L'),
(2342, 152, 'Nord', 'N'),
(2343, 152, 'Sud', 'S'),
(2344, 153, 'Auckland', 'AUK'),
(2345, 153, 'Bay of Plenty', 'BOP'),
(2346, 153, 'Canterbury', 'CAN'),
(2347, 153, 'Coromandel', 'COR'),
(2348, 153, 'Gisborne', 'GIS'),
(2349, 153, 'Fiordland', 'FIO'),
(2350, 153, 'Hawke''s Bay', 'HKB'),
(2351, 153, 'Marlborough', 'MBH'),
(2352, 153, 'Manawatu-Wanganui', 'MWT'),
(2353, 153, 'Mt Cook-Mackenzie', 'MCM'),
(2354, 153, 'Nelson', 'NSN'),
(2355, 153, 'Northland', 'NTL'),
(2356, 153, 'Otago', 'OTA'),
(2357, 153, 'Southland', 'STL'),
(2358, 153, 'Taranaki', 'TKI'),
(2359, 153, 'Wellington', 'WGN'),
(2360, 153, 'Waikato', 'WKO'),
(2361, 153, 'Wairarapa', 'WAI'),
(2362, 153, 'West Coast', 'WTC'),
(2363, 154, 'Atlantico Norte', 'AN'),
(2364, 154, 'Atlantico Sur', 'AS'),
(2365, 154, 'Boaco', 'BO'),
(2366, 154, 'Carazo', 'CA'),
(2367, 154, 'Chinandega', 'CI'),
(2368, 154, 'Chontales', 'CO'),
(2369, 154, 'Esteli', 'ES'),
(2370, 154, 'Granada', 'GR'),
(2371, 154, 'Jinotega', 'JI'),
(2372, 154, 'Leon', 'LE'),
(2373, 154, 'Madriz', 'MD'),
(2374, 154, 'Managua', 'MN'),
(2375, 154, 'Masaya', 'MS'),
(2376, 154, 'Matagalpa', 'MT'),
(2377, 154, 'Nuevo Segovia', 'NS'),
(2378, 154, 'Rio San Juan', 'RS'),
(2379, 154, 'Rivas', 'RI'),
(2380, 155, 'Agadez', 'AG'),
(2381, 155, 'Diffa', 'DF'),
(2382, 155, 'Dosso', 'DS'),
(2383, 155, 'Maradi', 'MA'),
(2384, 155, 'Niamey', 'NM'),
(2385, 155, 'Tahoua', 'TH'),
(2386, 155, 'Tillaberi', 'TL'),
(2387, 155, 'Zinder', 'ZD'),
(2388, 156, 'Abia', 'AB'),
(2389, 156, 'Abuja Federal Capital Territory', 'CT'),
(2390, 156, 'Adamawa', 'AD'),
(2391, 156, 'Akwa Ibom', 'AK'),
(2392, 156, 'Anambra', 'AN'),
(2393, 156, 'Bauchi', 'BC'),
(2394, 156, 'Bayelsa', 'BY'),
(2395, 156, 'Benue', 'BN'),
(2396, 156, 'Borno', 'BO'),
(2397, 156, 'Cross River', 'CR'),
(2398, 156, 'Delta', 'DE'),
(2399, 156, 'Ebonyi', 'EB'),
(2400, 156, 'Edo', 'ED'),
(2401, 156, 'Ekiti', 'EK'),
(2402, 156, 'Enugu', 'EN'),
(2403, 156, 'Gombe', 'GO'),
(2404, 156, 'Imo', 'IM'),
(2405, 156, 'Jigawa', 'JI'),
(2406, 156, 'Kaduna', 'KD'),
(2407, 156, 'Kano', 'KN'),
(2408, 156, 'Katsina', 'KT'),
(2409, 156, 'Kebbi', 'KE'),
(2410, 156, 'Kogi', 'KO'),
(2411, 156, 'Kwara', 'KW'),
(2412, 156, 'Lagos', 'LA'),
(2413, 156, 'Nassarawa', 'NA'),
(2414, 156, 'Niger', 'NI'),
(2415, 156, 'Ogun', 'OG'),
(2416, 156, 'Ondo', 'ONG'),
(2417, 156, 'Osun', 'OS'),
(2418, 156, 'Oyo', 'OY'),
(2419, 156, 'Plateau', 'PL'),
(2420, 156, 'Rivers', 'RI'),
(2421, 156, 'Sokoto', 'SO'),
(2422, 156, 'Taraba', 'TA'),
(2423, 156, 'Yobe', 'YO'),
(2424, 156, 'Zamfara', 'ZA'),
(2425, 159, 'Northern Islands', 'N'),
(2426, 159, 'Rota', 'R'),
(2427, 159, 'Saipan', 'S'),
(2428, 159, 'Tinian', 'T'),
(2429, 160, 'Akershus', 'AK'),
(2430, 160, 'Aust-Agder', 'AA'),
(2431, 160, 'Buskerud', 'BU'),
(2432, 160, 'Finnmark', 'FM'),
(2433, 160, 'Hedmark', 'HM'),
(2434, 160, 'Hordaland', 'HL'),
(2435, 160, 'More og Romdal', 'MR'),
(2436, 160, 'Nord-Trondelag', 'NT'),
(2437, 160, 'Nordland', 'NL'),
(2438, 160, 'Ostfold', 'OF'),
(2439, 160, 'Oppland', 'OP'),
(2440, 160, 'Oslo', 'OL'),
(2441, 160, 'Rogaland', 'RL'),
(2442, 160, 'Sor-Trondelag', 'ST'),
(2443, 160, 'Sogn og Fjordane', 'SJ'),
(2444, 160, 'Svalbard', 'SV'),
(2445, 160, 'Telemark', 'TM'),
(2446, 160, 'Troms', 'TR'),
(2447, 160, 'Vest-Agder', 'VA'),
(2448, 160, 'Vestfold', 'VF'),
(2449, 161, 'Ad Dakhiliyah', 'DA'),
(2450, 161, 'Al Batinah', 'BA'),
(2451, 161, 'Al Wusta', 'WU'),
(2452, 161, 'Ash Sharqiyah', 'SH'),
(2453, 161, 'Az Zahirah', 'ZA'),
(2454, 161, 'Masqat', 'MA'),
(2455, 161, 'Musandam', 'MU'),
(2456, 161, 'Zufar', 'ZU'),
(2457, 162, 'Balochistan', 'B'),
(2458, 162, 'Federally Administered Tribal Areas', 'T'),
(2459, 162, 'Islamabad Capital Territory', 'I'),
(2460, 162, 'North-West Frontier', 'N'),
(2461, 162, 'Punjab', 'P'),
(2462, 162, 'Sindh', 'S'),
(2463, 163, 'Aimeliik', 'AM'),
(2464, 163, 'Airai', 'AR'),
(2465, 163, 'Angaur', 'AN'),
(2466, 163, 'Hatohobei', 'HA'),
(2467, 163, 'Kayangel', 'KA'),
(2468, 163, 'Koror', 'KO'),
(2469, 163, 'Melekeok', 'ME'),
(2470, 163, 'Ngaraard', 'NA'),
(2471, 163, 'Ngarchelong', 'NG'),
(2472, 163, 'Ngardmau', 'ND'),
(2473, 163, 'Ngatpang', 'NT'),
(2474, 163, 'Ngchesar', 'NC'),
(2475, 163, 'Ngeremlengui', 'NR'),
(2476, 163, 'Ngiwal', 'NW'),
(2477, 163, 'Peleliu', 'PE'),
(2478, 163, 'Sonsorol', 'SO'),
(2479, 164, 'Bocas del Toro', 'BT'),
(2480, 164, 'Chiriqui', 'CH'),
(2481, 164, 'Cocle', 'CC'),
(2482, 164, 'Colon', 'CL'),
(2483, 164, 'Darien', 'DA'),
(2484, 164, 'Herrera', 'HE'),
(2485, 164, 'Los Santos', 'LS'),
(2486, 164, 'Panama', 'PA'),
(2487, 164, 'San Blas', 'SB'),
(2488, 164, 'Veraguas', 'VG'),
(2489, 165, 'Bougainville', 'BV'),
(2490, 165, 'Central', 'CE'),
(2491, 165, 'Chimbu', 'CH'),
(2492, 165, 'Eastern Highlands', 'EH'),
(2493, 165, 'East New Britain', 'EB'),
(2494, 165, 'East Sepik', 'ES'),
(2495, 165, 'Enga', 'EN'),
(2496, 165, 'Gulf', 'GU'),
(2497, 165, 'Madang', 'MD'),
(2498, 165, 'Manus', 'MN'),
(2499, 165, 'Milne Bay', 'MB'),
(2500, 165, 'Morobe', 'MR'),
(2501, 165, 'National Capital', 'NC'),
(2502, 165, 'New Ireland', 'NI'),
(2503, 165, 'Northern', 'NO'),
(2504, 165, 'Sandaun', 'SA'),
(2505, 165, 'Southern Highlands', 'SH'),
(2506, 165, 'Western', 'WE'),
(2507, 165, 'Western Highlands', 'WH'),
(2508, 165, 'West New Britain', 'WB'),
(2509, 166, 'Alto Paraguay', 'AG'),
(2510, 166, 'Alto Parana', 'AN'),
(2511, 166, 'Amambay', 'AM'),
(2512, 166, 'Asuncion', 'AS'),
(2513, 166, 'Boqueron', 'BO'),
(2514, 166, 'Caaguazu', 'CG'),
(2515, 166, 'Caazapa', 'CZ'),
(2516, 166, 'Canindeyu', 'CN'),
(2517, 166, 'Central', 'CE'),
(2518, 166, 'Concepcion', 'CC'),
(2519, 166, 'Cordillera', 'CD'),
(2520, 166, 'Guaira', 'GU'),
(2521, 166, 'Itapua', 'IT'),
(2522, 166, 'Misiones', 'MI'),
(2523, 166, 'Neembucu', 'NE'),
(2524, 166, 'Paraguari', 'PA'),
(2525, 166, 'Presidente Hayes', 'PH'),
(2526, 166, 'San Pedro', 'SP'),
(2527, 167, 'Amazonas', 'AM'),
(2528, 167, 'Ancash', 'AN'),
(2529, 167, 'Apurimac', 'AP'),
(2530, 167, 'Arequipa', 'AR'),
(2531, 167, 'Ayacucho', 'AY'),
(2532, 167, 'Cajamarca', 'CJ'),
(2533, 167, 'Callao', 'CL'),
(2534, 167, 'Cusco', 'CU'),
(2535, 167, 'Huancavelica', 'HV'),
(2536, 167, 'Huanuco', 'HO'),
(2537, 167, 'Ica', 'IC'),
(2538, 167, 'Junin', 'JU'),
(2539, 167, 'La Libertad', 'LD'),
(2540, 167, 'Lambayeque', 'LY'),
(2541, 167, 'Lima', 'LI'),
(2542, 167, 'Loreto', 'LO'),
(2543, 167, 'Madre de Dios', 'MD'),
(2544, 167, 'Moquegua', 'MO'),
(2545, 167, 'Pasco', 'PA'),
(2546, 167, 'Piura', 'PI'),
(2547, 167, 'Puno', 'PU'),
(2548, 167, 'San Martin', 'SM'),
(2549, 167, 'Tacna', 'TA'),
(2550, 167, 'Tumbes', 'TU'),
(2551, 167, 'Ucayali', 'UC'),
(2552, 168, 'Abra', 'ABR'),
(2553, 168, 'Agusan del Norte', 'ANO'),
(2554, 168, 'Agusan del Sur', 'ASU'),
(2555, 168, 'Aklan', 'AKL'),
(2556, 168, 'Albay', 'ALB'),
(2557, 168, 'Antique', 'ANT'),
(2558, 168, 'Apayao', 'APY'),
(2559, 168, 'Aurora', 'AUR'),
(2560, 168, 'Basilan', 'BAS'),
(2561, 168, 'Bataan', 'BTA'),
(2562, 168, 'Batanes', 'BTE'),
(2563, 168, 'Batangas', 'BTG'),
(2564, 168, 'Biliran', 'BLR'),
(2565, 168, 'Benguet', 'BEN'),
(2566, 168, 'Bohol', 'BOL'),
(2567, 168, 'Bukidnon', 'BUK'),
(2568, 168, 'Bulacan', 'BUL'),
(2569, 168, 'Cagayan', 'CAG'),
(2570, 168, 'Camarines Norte', 'CNO'),
(2571, 168, 'Camarines Sur', 'CSU'),
(2572, 168, 'Camiguin', 'CAM'),
(2573, 168, 'Capiz', 'CAP'),
(2574, 168, 'Catanduanes', 'CAT'),
(2575, 168, 'Cavite', 'CAV'),
(2576, 168, 'Cebu', 'CEB'),
(2577, 168, 'Compostela', 'CMP'),
(2578, 168, 'Davao del Norte', 'DNO'),
(2579, 168, 'Davao del Sur', 'DSU'),
(2580, 168, 'Davao Oriental', 'DOR'),
(2581, 168, 'Eastern Samar', 'ESA'),
(2582, 168, 'Guimaras', 'GUI'),
(2583, 168, 'Ifugao', 'IFU'),
(2584, 168, 'Ilocos Norte', 'INO'),
(2585, 168, 'Ilocos Sur', 'ISU'),
(2586, 168, 'Iloilo', 'ILO'),
(2587, 168, 'Isabela', 'ISA'),
(2588, 168, 'Kalinga', 'KAL'),
(2589, 168, 'Laguna', 'LAG'),
(2590, 168, 'Lanao del Norte', 'LNO'),
(2591, 168, 'Lanao del Sur', 'LSU'),
(2592, 168, 'La Union', 'UNI'),
(2593, 168, 'Leyte', 'LEY'),
(2594, 168, 'Maguindanao', 'MAG'),
(2595, 168, 'Marinduque', 'MRN'),
(2596, 168, 'Masbate', 'MSB'),
(2597, 168, 'Mindoro Occidental', 'MIC'),
(2598, 168, 'Mindoro Oriental', 'MIR'),
(2599, 168, 'Misamis Occidental', 'MSC'),
(2600, 168, 'Misamis Oriental', 'MOR'),
(2601, 168, 'Mountain', 'MOP'),
(2602, 168, 'Negros Occidental', 'NOC'),
(2603, 168, 'Negros Oriental', 'NOR'),
(2604, 168, 'North Cotabato', 'NCT'),
(2605, 168, 'Northern Samar', 'NSM'),
(2606, 168, 'Nueva Ecija', 'NEC'),
(2607, 168, 'Nueva Vizcaya', 'NVZ'),
(2608, 168, 'Palawan', 'PLW'),
(2609, 168, 'Pampanga', 'PMP'),
(2610, 168, 'Pangasinan', 'PNG'),
(2611, 168, 'Quezon', 'QZN'),
(2612, 168, 'Quirino', 'QRN'),
(2613, 168, 'Rizal', 'RIZ'),
(2614, 168, 'Romblon', 'ROM'),
(2615, 168, 'Samar', 'SMR'),
(2616, 168, 'Sarangani', 'SRG'),
(2617, 168, 'Siquijor', 'SQJ'),
(2618, 168, 'Sorsogon', 'SRS'),
(2619, 168, 'South Cotabato', 'SCO'),
(2620, 168, 'Southern Leyte', 'SLE'),
(2621, 168, 'Sultan Kudarat', 'SKU'),
(2622, 168, 'Sulu', 'SLU'),
(2623, 168, 'Surigao del Norte', 'SNO'),
(2624, 168, 'Surigao del Sur', 'SSU'),
(2625, 168, 'Tarlac', 'TAR'),
(2626, 168, 'Tawi-Tawi', 'TAW'),
(2627, 168, 'Zambales', 'ZBL'),
(2628, 168, 'Zamboanga del Norte', 'ZNO'),
(2629, 168, 'Zamboanga del Sur', 'ZSU'),
(2630, 168, 'Zamboanga Sibugay', 'ZSI'),
(2631, 170, 'Dolnoslaskie', 'DO'),
(2632, 170, 'Kujawsko-Pomorskie', 'KP'),
(2633, 170, 'Lodzkie', 'LO'),
(2634, 170, 'Lubelskie', 'LL'),
(2635, 170, 'Lubuskie', 'LU'),
(2636, 170, 'Malopolskie', 'ML'),
(2637, 170, 'Mazowieckie', 'MZ'),
(2638, 170, 'Opolskie', 'OP'),
(2639, 170, 'Podkarpackie', 'PP'),
(2640, 170, 'Podlaskie', 'PL'),
(2641, 170, 'Pomorskie', 'PM'),
(2642, 170, 'Slaskie', 'SL'),
(2643, 170, 'Swietokrzyskie', 'SW'),
(2644, 170, 'Warminsko-Mazurskie', 'WM'),
(2645, 170, 'Wielkopolskie', 'WP'),
(2646, 170, 'Zachodniopomorskie', 'ZA'),
(2647, 198, 'Saint Pierre', 'P'),
(2648, 198, 'Miquelon', 'M'),
(2649, 171, 'A&ccedil;ores', 'AC'),
(2650, 171, 'Aveiro', 'AV'),
(2651, 171, 'Beja', 'BE'),
(2652, 171, 'Braga', 'BR'),
(2653, 171, 'Bragan&ccedil;a', 'BA'),
(2654, 171, 'Castelo Branco', 'CB'),
(2655, 171, 'Coimbra', 'CO'),
(2656, 171, '&Eacute;vora', 'EV'),
(2657, 171, 'Faro', 'FA'),
(2658, 171, 'Guarda', 'GU'),
(2659, 171, 'Leiria', 'LE'),
(2660, 171, 'Lisboa', 'LI'),
(2661, 171, 'Madeira', 'ME'),
(2662, 171, 'Portalegre', 'PO'),
(2663, 171, 'Porto', 'PR'),
(2664, 171, 'Santar&eacute;m', 'SA'),
(2665, 171, 'Set&uacute;bal', 'SE'),
(2666, 171, 'Viana do Castelo', 'VC'),
(2667, 171, 'Vila Real', 'VR'),
(2668, 171, 'Viseu', 'VI'),
(2669, 173, 'Ad Dawhah', 'DW'),
(2670, 173, 'Al Ghuwayriyah', 'GW'),
(2671, 173, 'Al Jumayliyah', 'JM'),
(2672, 173, 'Al Khawr', 'KR'),
(2673, 173, 'Al Wakrah', 'WK'),
(2674, 173, 'Ar Rayyan', 'RN'),
(2675, 173, 'Jarayan al Batinah', 'JB'),
(2676, 173, 'Madinat ash Shamal', 'MS'),
(2677, 173, 'Umm Sa''id', 'UD'),
(2678, 173, 'Umm Salal', 'UL'),
(2679, 175, 'Alba', 'AB'),
(2680, 175, 'Arad', 'AR'),
(2681, 175, 'Arges', 'AG'),
(2682, 175, 'Bacau', 'BC'),
(2683, 175, 'Bihor', 'BH'),
(2684, 175, 'Bistrita-Nasaud', 'BN'),
(2685, 175, 'Botosani', 'BT'),
(2686, 175, 'Brasov', 'BV'),
(2687, 175, 'Braila', 'BR'),
(2688, 175, 'Bucuresti', 'B'),
(2689, 175, 'Buzau', 'BZ'),
(2690, 175, 'Caras-Severin', 'CS'),
(2691, 175, 'Calarasi', 'CL'),
(2692, 175, 'Cluj', 'CJ'),
(2693, 175, 'Constanta', 'CT'),
(2694, 175, 'Covasna', 'CV'),
(2695, 175, 'Dimbovita', 'DB'),
(2696, 175, 'Dolj', 'DJ'),
(2697, 175, 'Galati', 'GL'),
(2698, 175, 'Giurgiu', 'GR'),
(2699, 175, 'Gorj', 'GJ'),
(2700, 175, 'Harghita', 'HR'),
(2701, 175, 'Hunedoara', 'HD'),
(2702, 175, 'Ialomita', 'IL'),
(2703, 175, 'Iasi', 'IS'),
(2704, 175, 'Ilfov', 'IF'),
(2705, 175, 'Maramures', 'MM'),
(2706, 175, 'Mehedinti', 'MH'),
(2707, 175, 'Mures', 'MS'),
(2708, 175, 'Neamt', 'NT'),
(2709, 175, 'Olt', 'OT'),
(2710, 175, 'Prahova', 'PH'),
(2711, 175, 'Satu-Mare', 'SM'),
(2712, 175, 'Salaj', 'SJ'),
(2713, 175, 'Sibiu', 'SB'),
(2714, 175, 'Suceava', 'SV'),
(2715, 175, 'Teleorman', 'TR'),
(2716, 175, 'Timis', 'TM'),
(2717, 175, 'Tulcea', 'TL'),
(2718, 175, 'Vaslui', 'VS'),
(2719, 175, 'Valcea', 'VL'),
(2720, 175, 'Vrancea', 'VN'),
(2721, 176, 'Abakan', 'AB'),
(2722, 176, 'Aginskoye', 'AG'),
(2723, 176, 'Anadyr', 'AN'),
(2724, 176, 'Arkahangelsk', 'AR'),
(2725, 176, 'Astrakhan', 'AS'),
(2726, 176, 'Barnaul', 'BA'),
(2727, 176, 'Belgorod', 'BE'),
(2728, 176, 'Birobidzhan', 'BI'),
(2729, 176, 'Blagoveshchensk', 'BL'),
(2730, 176, 'Bryansk', 'BR'),
(2731, 176, 'Cheboksary', 'CH'),
(2732, 176, 'Chelyabinsk', 'CL'),
(2733, 176, 'Cherkessk', 'CR'),
(2734, 176, 'Chita', 'CI'),
(2735, 176, 'Dudinka', 'DU'),
(2736, 176, 'Elista', 'EL'),
(2737, 176, 'Gomo-Altaysk', 'GO'),
(2738, 176, 'Gorno-Altaysk', 'GA'),
(2739, 176, 'Groznyy', 'GR'),
(2740, 176, 'Irkutsk', 'IR'),
(2741, 176, 'Ivanovo', 'IV'),
(2742, 176, 'Izhevsk', 'IZ'),
(2743, 176, 'Kalinigrad', 'KA'),
(2744, 176, 'Kaluga', 'KL'),
(2745, 176, 'Kasnodar', 'KS'),
(2746, 176, 'Kazan', 'KZ'),
(2747, 176, 'Kemerovo', 'KE'),
(2748, 176, 'Khabarovsk', 'KH'),
(2749, 176, 'Khanty-Mansiysk', 'KM'),
(2750, 176, 'Kostroma', 'KO'),
(2751, 176, 'Krasnodar', 'KR'),
(2752, 176, 'Krasnoyarsk', 'KN'),
(2753, 176, 'Kudymkar', 'KU'),
(2754, 176, 'Kurgan', 'KG'),
(2755, 176, 'Kursk', 'KK'),
(2756, 176, 'Kyzyl', 'KY'),
(2757, 176, 'Lipetsk', 'LI'),
(2758, 176, 'Magadan', 'MA'),
(2759, 176, 'Makhachkala', 'MK'),
(2760, 176, 'Maykop', 'MY'),
(2761, 176, 'Moscow', 'MO'),
(2762, 176, 'Murmansk', 'MU'),
(2763, 176, 'Nalchik', 'NA'),
(2764, 176, 'Naryan Mar', 'NR'),
(2765, 176, 'Nazran', 'NZ'),
(2766, 176, 'Nizhniy Novgorod', 'NI'),
(2767, 176, 'Novgorod', 'NO'),
(2768, 176, 'Novosibirsk', 'NV'),
(2769, 176, 'Omsk', 'OM'),
(2770, 176, 'Orel', 'OR'),
(2771, 176, 'Orenburg', 'OE'),
(2772, 176, 'Palana', 'PA'),
(2773, 176, 'Penza', 'PE'),
(2774, 176, 'Perm', 'PR'),
(2775, 176, 'Petropavlovsk-Kamchatskiy', 'PK'),
(2776, 176, 'Petrozavodsk', 'PT'),
(2777, 176, 'Pskov', 'PS'),
(2778, 176, 'Rostov-na-Donu', 'RO'),
(2779, 176, 'Ryazan', 'RY'),
(2780, 176, 'Salekhard', 'SL'),
(2781, 176, 'Samara', 'SA'),
(2782, 176, 'Saransk', 'SR'),
(2783, 176, 'Saratov', 'SV'),
(2784, 176, 'Smolensk', 'SM'),
(2785, 176, 'St. Petersburg', 'SP'),
(2786, 176, 'Stavropol', 'ST'),
(2787, 176, 'Syktyvkar', 'SY'),
(2788, 176, 'Tambov', 'TA'),
(2789, 176, 'Tomsk', 'TO'),
(2790, 176, 'Tula', 'TU'),
(2791, 176, 'Tura', 'TR'),
(2792, 176, 'Tver', 'TV'),
(2793, 176, 'Tyumen', 'TY'),
(2794, 176, 'Ufa', 'UF'),
(2795, 176, 'Ul''yanovsk', 'UL'),
(2796, 176, 'Ulan-Ude', 'UU'),
(2797, 176, 'Ust''-Ordynskiy', 'US'),
(2798, 176, 'Vladikavkaz', 'VL'),
(2799, 176, 'Vladimir', 'VA'),
(2800, 176, 'Vladivostok', 'VV'),
(2801, 176, 'Volgograd', 'VG'),
(2802, 176, 'Vologda', 'VD'),
(2803, 176, 'Voronezh', 'VO'),
(2804, 176, 'Vyatka', 'VY'),
(2805, 176, 'Yakutsk', 'YA'),
(2806, 176, 'Yaroslavl', 'YR'),
(2807, 176, 'Yekaterinburg', 'YE'),
(2808, 176, 'Yoshkar-Ola', 'YO'),
(2809, 177, 'Butare', 'BU'),
(2810, 177, 'Byumba', 'BY'),
(2811, 177, 'Cyangugu', 'CY'),
(2812, 177, 'Gikongoro', 'GK'),
(2813, 177, 'Gisenyi', 'GS'),
(2814, 177, 'Gitarama', 'GT'),
(2815, 177, 'Kibungo', 'KG'),
(2816, 177, 'Kibuye', 'KY'),
(2817, 177, 'Kigali Rurale', 'KR'),
(2818, 177, 'Kigali-ville', 'KV'),
(2819, 177, 'Ruhengeri', 'RU'),
(2820, 177, 'Umutara', 'UM'),
(2821, 178, 'Christ Church Nichola Town', 'CCN'),
(2822, 178, 'Saint Anne Sandy Point', 'SAS'),
(2823, 178, 'Saint George Basseterre', 'SGB'),
(2824, 178, 'Saint George Gingerland', 'SGG'),
(2825, 178, 'Saint James Windward', 'SJW'),
(2826, 178, 'Saint John Capesterre', 'SJC'),
(2827, 178, 'Saint John Figtree', 'SJF'),
(2828, 178, 'Saint Mary Cayon', 'SMC'),
(2829, 178, 'Saint Paul Capesterre', 'CAP'),
(2830, 178, 'Saint Paul Charlestown', 'CHA'),
(2831, 178, 'Saint Peter Basseterre', 'SPB'),
(2832, 178, 'Saint Thomas Lowland', 'STL'),
(2833, 178, 'Saint Thomas Middle Island', 'STM'),
(2834, 178, 'Trinity Palmetto Point', 'TPP'),
(2835, 179, 'Anse-la-Raye', 'AR'),
(2836, 179, 'Castries', 'CA'),
(2837, 179, 'Choiseul', 'CH'),
(2838, 179, 'Dauphin', 'DA'),
(2839, 179, 'Dennery', 'DE'),
(2840, 179, 'Gros-Islet', 'GI'),
(2841, 179, 'Laborie', 'LA'),
(2842, 179, 'Micoud', 'MI'),
(2843, 179, 'Praslin', 'PR'),
(2844, 179, 'Soufriere', 'SO'),
(2845, 179, 'Vieux-Fort', 'VF'),
(2846, 180, 'Charlotte', 'C'),
(2847, 180, 'Grenadines', 'R'),
(2848, 180, 'Saint Andrew', 'A'),
(2849, 180, 'Saint David', 'D'),
(2850, 180, 'Saint George', 'G'),
(2851, 180, 'Saint Patrick', 'P'),
(2852, 181, 'A''ana', 'AN'),
(2853, 181, 'Aiga-i-le-Tai', 'AI'),
(2854, 181, 'Atua', 'AT'),
(2855, 181, 'Fa''asaleleaga', 'FA'),
(2856, 181, 'Gaga''emauga', 'GE'),
(2857, 181, 'Gagaifomauga', 'GF'),
(2858, 181, 'Palauli', 'PA'),
(2859, 181, 'Satupa''itea', 'SA'),
(2860, 181, 'Tuamasaga', 'TU'),
(2861, 181, 'Va''a-o-Fonoti', 'VF'),
(2862, 181, 'Vaisigano', 'VS'),
(2863, 182, 'Acquaviva', 'AC'),
(2864, 182, 'Borgo Maggiore', 'BM'),
(2865, 182, 'Chiesanuova', 'CH'),
(2866, 182, 'Domagnano', 'DO'),
(2867, 182, 'Faetano', 'FA'),
(2868, 182, 'Fiorentino', 'FI'),
(2869, 182, 'Montegiardino', 'MO'),
(2870, 182, 'Citta di San Marino', 'SM'),
(2871, 182, 'Serravalle', 'SE'),
(2872, 183, 'Sao Tome', 'S'),
(2873, 183, 'Principe', 'P'),
(2874, 184, 'Al Bahah', 'BH'),
(2875, 184, 'Al Hudud ash Shamaliyah', 'HS'),
(2876, 184, 'Al Jawf', 'JF'),
(2877, 184, 'Al Madinah', 'MD'),
(2878, 184, 'Al Qasim', 'QS'),
(2879, 184, 'Ar Riyad', 'RD'),
(2880, 184, 'Ash Sharqiyah (Eastern)', 'AQ'),
(2881, 184, '''Asir', 'AS'),
(2882, 184, 'Ha''il', 'HL'),
(2883, 184, 'Jizan', 'JZ'),
(2884, 184, 'Makkah', 'ML'),
(2885, 184, 'Najran', 'NR'),
(2886, 184, 'Tabuk', 'TB'),
(2887, 185, 'Dakar', 'DA'),
(2888, 185, 'Diourbel', 'DI'),
(2889, 185, 'Fatick', 'FA'),
(2890, 185, 'Kaolack', 'KA'),
(2891, 185, 'Kolda', 'KO'),
(2892, 185, 'Louga', 'LO'),
(2893, 185, 'Matam', 'MA'),
(2894, 185, 'Saint-Louis', 'SL'),
(2895, 185, 'Tambacounda', 'TA'),
(2896, 185, 'Thies', 'TH'),
(2897, 185, 'Ziguinchor', 'ZI'),
(2898, 186, 'Anse aux Pins', 'AP'),
(2899, 186, 'Anse Boileau', 'AB'),
(2900, 186, 'Anse Etoile', 'AE'),
(2901, 186, 'Anse Louis', 'AL'),
(2902, 186, 'Anse Royale', 'AR'),
(2903, 186, 'Baie Lazare', 'BL'),
(2904, 186, 'Baie Sainte Anne', 'BS'),
(2905, 186, 'Beau Vallon', 'BV'),
(2906, 186, 'Bel Air', 'BA'),
(2907, 186, 'Bel Ombre', 'BO'),
(2908, 186, 'Cascade', 'CA'),
(2909, 186, 'Glacis', 'GL'),
(2910, 186, 'Grand'' Anse (on Mahe)', 'GM'),
(2911, 186, 'Grand'' Anse (on Praslin)', 'GP'),
(2912, 186, 'La Digue', 'DG'),
(2913, 186, 'La Riviere Anglaise', 'RA'),
(2914, 186, 'Mont Buxton', 'MB'),
(2915, 186, 'Mont Fleuri', 'MF'),
(2916, 186, 'Plaisance', 'PL'),
(2917, 186, 'Pointe La Rue', 'PR'),
(2918, 186, 'Port Glaud', 'PG'),
(2919, 186, 'Saint Louis', 'SL'),
(2920, 186, 'Takamaka', 'TA'),
(2921, 187, 'Eastern', 'E'),
(2922, 187, 'Northern', 'N'),
(2923, 187, 'Southern', 'S'),
(2924, 187, 'Western', 'W'),
(2925, 189, 'Banskobystrický', 'BA'),
(2926, 189, 'Bratislavský', 'BR'),
(2927, 189, 'Košický', 'KO'),
(2928, 189, 'Nitriansky', 'NI'),
(2929, 189, 'Prešovský', 'PR'),
(2930, 189, 'Trenčiansky', 'TC'),
(2931, 189, 'Trnavský', 'TV'),
(2932, 189, 'Žilinský', 'ZI'),
(2933, 191, 'Central', 'CE'),
(2934, 191, 'Choiseul', 'CH'),
(2935, 191, 'Guadalcanal', 'GC'),
(2936, 191, 'Honiara', 'HO'),
(2937, 191, 'Isabel', 'IS'),
(2938, 191, 'Makira', 'MK'),
(2939, 191, 'Malaita', 'ML'),
(2940, 191, 'Rennell and Bellona', 'RB'),
(2941, 191, 'Temotu', 'TM'),
(2942, 191, 'Western', 'WE'),
(2943, 192, 'Awdal', 'AW'),
(2944, 192, 'Bakool', 'BK'),
(2945, 192, 'Banaadir', 'BN'),
(2946, 192, 'Bari', 'BR'),
(2947, 192, 'Bay', 'BY'),
(2948, 192, 'Galguduud', 'GA'),
(2949, 192, 'Gedo', 'GE'),
(2950, 192, 'Hiiraan', 'HI'),
(2951, 192, 'Jubbada Dhexe', 'JD'),
(2952, 192, 'Jubbada Hoose', 'JH'),
(2953, 192, 'Mudug', 'MU'),
(2954, 192, 'Nugaal', 'NU'),
(2955, 192, 'Sanaag', 'SA'),
(2956, 192, 'Shabeellaha Dhexe', 'SD'),
(2957, 192, 'Shabeellaha Hoose', 'SH'),
(2958, 192, 'Sool', 'SL'),
(2959, 192, 'Togdheer', 'TO'),
(2960, 192, 'Woqooyi Galbeed', 'WG'),
(2961, 193, 'Eastern Cape', 'EC'),
(2962, 193, 'Free State', 'FS'),
(2963, 193, 'Gauteng', 'GT'),
(2964, 193, 'KwaZulu-Natal', 'KN'),
(2965, 193, 'Limpopo', 'LP'),
(2966, 193, 'Mpumalanga', 'MP'),
(2967, 193, 'North West', 'NW'),
(2968, 193, 'Northern Cape', 'NC'),
(2969, 193, 'Western Cape', 'WC'),
(2970, 195, 'La Coru&ntilde;a', 'CA'),
(2971, 195, '&Aacute;lava', 'AL'),
(2972, 195, 'Albacete', 'AB'),
(2973, 195, 'Alicante', 'AC'),
(2974, 195, 'Almeria', 'AM'),
(2975, 195, 'Asturias', 'AS'),
(2976, 195, '&Aacute;vila', 'AV'),
(2977, 195, 'Badajoz', 'BJ'),
(2978, 195, 'Baleares', 'IB'),
(2979, 195, 'Barcelona', 'BA'),
(2980, 195, 'Burgos', 'BU'),
(2981, 195, 'C&aacute;ceres', 'CC'),
(2982, 195, 'C&aacute;diz', 'CZ'),
(2983, 195, 'Cantabria', 'CT'),
(2984, 195, 'Castell&oacute;n', 'CL'),
(2985, 195, 'Ceuta', 'CE'),
(2986, 195, 'Ciudad Real', 'CR'),
(2987, 195, 'C&oacute;rdoba', 'CD'),
(2988, 195, 'Cuenca', 'CU'),
(2989, 195, 'Girona', 'GI'),
(2990, 195, 'Granada', 'GD'),
(2991, 195, 'Guadalajara', 'GJ'),
(2992, 195, 'Guip&uacute;zcoa', 'GP'),
(2993, 195, 'Huelva', 'HL'),
(2994, 195, 'Huesca', 'HS'),
(2995, 195, 'Ja&eacute;n', 'JN'),
(2996, 195, 'La Rioja', 'RJ'),
(2997, 195, 'Las Palmas', 'PM'),
(2998, 195, 'Leon', 'LE'),
(2999, 195, 'Lleida', 'LL'),
(3000, 195, 'Lugo', 'LG'),
(3001, 195, 'Madrid', 'MD'),
(3002, 195, 'Malaga', 'MA'),
(3003, 195, 'Melilla', 'ML'),
(3004, 195, 'Murcia', 'MU'),
(3005, 195, 'Navarra', 'NV'),
(3006, 195, 'Ourense', 'OU'),
(3007, 195, 'Palencia', 'PL'),
(3008, 195, 'Pontevedra', 'PO'),
(3009, 195, 'Salamanca', 'SL'),
(3010, 195, 'Santa Cruz de Tenerife', 'SC'),
(3011, 195, 'Segovia', 'SG'),
(3012, 195, 'Sevilla', 'SV'),
(3013, 195, 'Soria', 'SO'),
(3014, 195, 'Tarragona', 'TA'),
(3015, 195, 'Teruel', 'TE'),
(3016, 195, 'Toledo', 'TO'),
(3017, 195, 'Valencia', 'VC'),
(3018, 195, 'Valladolid', 'VD'),
(3019, 195, 'Vizcaya', 'VZ'),
(3020, 195, 'Zamora', 'ZM'),
(3021, 195, 'Zaragoza', 'ZR'),
(3022, 196, 'Central', 'CE'),
(3023, 196, 'Eastern', 'EA'),
(3024, 196, 'North Central', 'NC'),
(3025, 196, 'Northern', 'NO'),
(3026, 196, 'North Western', 'NW'),
(3027, 196, 'Sabaragamuwa', 'SA'),
(3028, 196, 'Southern', 'SO'),
(3029, 196, 'Uva', 'UV'),
(3030, 196, 'Western', 'WE'),
(3032, 197, 'Saint Helena', 'S'),
(3034, 199, 'A''ali an Nil', 'ANL'),
(3035, 199, 'Al Bahr al Ahmar', 'BAM'),
(3036, 199, 'Al Buhayrat', 'BRT'),
(3037, 199, 'Al Jazirah', 'JZR'),
(3038, 199, 'Al Khartum', 'KRT'),
(3039, 199, 'Al Qadarif', 'QDR'),
(3040, 199, 'Al Wahdah', 'WDH'),
(3041, 199, 'An Nil al Abyad', 'ANB'),
(3042, 199, 'An Nil al Azraq', 'ANZ'),
(3043, 199, 'Ash Shamaliyah', 'ASH'),
(3044, 199, 'Bahr al Jabal', 'BJA'),
(3045, 199, 'Gharb al Istiwa''iyah', 'GIS'),
(3046, 199, 'Gharb Bahr al Ghazal', 'GBG'),
(3047, 199, 'Gharb Darfur', 'GDA'),
(3048, 199, 'Gharb Kurdufan', 'GKU'),
(3049, 199, 'Janub Darfur', 'JDA'),
(3050, 199, 'Janub Kurdufan', 'JKU'),
(3051, 199, 'Junqali', 'JQL'),
(3052, 199, 'Kassala', 'KSL'),
(3053, 199, 'Nahr an Nil', 'NNL'),
(3054, 199, 'Shamal Bahr al Ghazal', 'SBG'),
(3055, 199, 'Shamal Darfur', 'SDA'),
(3056, 199, 'Shamal Kurdufan', 'SKU'),
(3057, 199, 'Sharq al Istiwa''iyah', 'SIS'),
(3058, 199, 'Sinnar', 'SNR'),
(3059, 199, 'Warab', 'WRB'),
(3060, 200, 'Brokopondo', 'BR'),
(3061, 200, 'Commewijne', 'CM'),
(3062, 200, 'Coronie', 'CR'),
(3063, 200, 'Marowijne', 'MA'),
(3064, 200, 'Nickerie', 'NI'),
(3065, 200, 'Para', 'PA'),
(3066, 200, 'Paramaribo', 'PM'),
(3067, 200, 'Saramacca', 'SA'),
(3068, 200, 'Sipaliwini', 'SI'),
(3069, 200, 'Wanica', 'WA'),
(3070, 202, 'Hhohho', 'H'),
(3071, 202, 'Lubombo', 'L'),
(3072, 202, 'Manzini', 'M'),
(3073, 202, 'Shishelweni', 'S'),
(3074, 203, 'Blekinge', 'K'),
(3075, 203, 'Dalarna', 'W'),
(3076, 203, 'G&auml;vleborg', 'X'),
(3077, 203, 'Gotland', 'I'),
(3078, 203, 'Halland', 'N'),
(3079, 203, 'J&auml;mtland', 'Z'),
(3080, 203, 'J&ouml;nk&ouml;ping', 'F'),
(3081, 203, 'Kalmar', 'H'),
(3082, 203, 'Kronoberg', 'G'),
(3083, 203, 'Norrbotten', 'BD'),
(3084, 203, '&Ouml;rebro', 'T'),
(3085, 203, '&Ouml;sterg&ouml;tland', 'E'),
(3086, 203, 'Sk&aring;ne', 'M'),
(3087, 203, 'S&ouml;dermanland', 'D'),
(3088, 203, 'Stockholm', 'AB'),
(3089, 203, 'Uppsala', 'C'),
(3090, 203, 'V&auml;rmland', 'S'),
(3091, 203, 'V&auml;sterbotten', 'AC'),
(3092, 203, 'V&auml;sternorrland', 'Y'),
(3093, 203, 'V&auml;stmanland', 'U'),
(3094, 203, 'V&auml;stra G&ouml;taland', 'O'),
(3095, 204, 'Aargau', 'AG'),
(3096, 204, 'Appenzell Ausserrhoden', 'AR'),
(3097, 204, 'Appenzell Innerrhoden', 'AI'),
(3098, 204, 'Basel-Stadt', 'BS'),
(3099, 204, 'Basel-Landschaft', 'BL'),
(3100, 204, 'Bern', 'BE'),
(3101, 204, 'Fribourg', 'FR'),
(3102, 204, 'Gen&egrave;ve', 'GE'),
(3103, 204, 'Glarus', 'GL'),
(3104, 204, 'Graub&uuml;nden', 'GR'),
(3105, 204, 'Jura', 'JU'),
(3106, 204, 'Luzern', 'LU'),
(3107, 204, 'Neuch&acirc;tel', 'NE'),
(3108, 204, 'Nidwald', 'NW'),
(3109, 204, 'Obwald', 'OW'),
(3110, 204, 'St. Gallen', 'SG'),
(3111, 204, 'Schaffhausen', 'SH'),
(3112, 204, 'Schwyz', 'SZ'),
(3113, 204, 'Solothurn', 'SO'),
(3114, 204, 'Thurgau', 'TG'),
(3115, 204, 'Ticino', 'TI'),
(3116, 204, 'Uri', 'UR'),
(3117, 204, 'Valais', 'VS'),
(3118, 204, 'Vaud', 'VD'),
(3119, 204, 'Zug', 'ZG'),
(3120, 204, 'Z&uuml;rich', 'ZH'),
(3121, 205, 'Al Hasakah', 'HA'),
(3122, 205, 'Al Ladhiqiyah', 'LA'),
(3123, 205, 'Al Qunaytirah', 'QU'),
(3124, 205, 'Ar Raqqah', 'RQ'),
(3125, 205, 'As Suwayda', 'SU'),
(3126, 205, 'Dara', 'DA'),
(3127, 205, 'Dayr az Zawr', 'DZ'),
(3128, 205, 'Dimashq', 'DI'),
(3129, 205, 'Halab', 'HL'),
(3130, 205, 'Hamah', 'HM'),
(3131, 205, 'Hims', 'HI'),
(3132, 205, 'Idlib', 'ID'),
(3133, 205, 'Rif Dimashq', 'RD'),
(3134, 205, 'Tartus', 'TA'),
(3135, 206, 'Chang-hua', 'CH'),
(3136, 206, 'Chia-i', 'CI'),
(3137, 206, 'Hsin-chu', 'HS'),
(3138, 206, 'Hua-lien', 'HL'),
(3139, 206, 'I-lan', 'IL'),
(3140, 206, 'Kao-hsiung county', 'KH'),
(3141, 206, 'Kin-men', 'KM'),
(3142, 206, 'Lien-chiang', 'LC'),
(3143, 206, 'Miao-li', 'ML'),
(3144, 206, 'Nan-t''ou', 'NT'),
(3145, 206, 'P''eng-hu', 'PH'),
(3146, 206, 'P''ing-tung', 'PT'),
(3147, 206, 'T''ai-chung', 'TG'),
(3148, 206, 'T''ai-nan', 'TA'),
(3149, 206, 'T''ai-pei county', 'TP'),
(3150, 206, 'T''ai-tung', 'TT'),
(3151, 206, 'T''ao-yuan', 'TY'),
(3152, 206, 'Yun-lin', 'YL'),
(3153, 206, 'Chia-i city', 'CC'),
(3154, 206, 'Chi-lung', 'CL'),
(3155, 206, 'Hsin-chu', 'HC'),
(3156, 206, 'T''ai-chung', 'TH'),
(3157, 206, 'T''ai-nan', 'TN'),
(3158, 206, 'Kao-hsiung city', 'KC'),
(3159, 206, 'T''ai-pei city', 'TC'),
(3160, 207, 'Gorno-Badakhstan', 'GB'),
(3161, 207, 'Khatlon', 'KT'),
(3162, 207, 'Sughd', 'SU'),
(3163, 208, 'Arusha', 'AR'),
(3164, 208, 'Dar es Salaam', 'DS'),
(3165, 208, 'Dodoma', 'DO'),
(3166, 208, 'Iringa', 'IR'),
(3167, 208, 'Kagera', 'KA'),
(3168, 208, 'Kigoma', 'KI'),
(3169, 208, 'Kilimanjaro', 'KJ'),
(3170, 208, 'Lindi', 'LN'),
(3171, 208, 'Manyara', 'MY'),
(3172, 208, 'Mara', 'MR'),
(3173, 208, 'Mbeya', 'MB'),
(3174, 208, 'Morogoro', 'MO'),
(3175, 208, 'Mtwara', 'MT'),
(3176, 208, 'Mwanza', 'MW'),
(3177, 208, 'Pemba North', 'PN'),
(3178, 208, 'Pemba South', 'PS'),
(3179, 208, 'Pwani', 'PW'),
(3180, 208, 'Rukwa', 'RK'),
(3181, 208, 'Ruvuma', 'RV'),
(3182, 208, 'Shinyanga', 'SH'),
(3183, 208, 'Singida', 'SI'),
(3184, 208, 'Tabora', 'TB'),
(3185, 208, 'Tanga', 'TN'),
(3186, 208, 'Zanzibar Central/South', 'ZC'),
(3187, 208, 'Zanzibar North', 'ZN'),
(3188, 208, 'Zanzibar Urban/West', 'ZU'),
(3189, 209, 'Amnat Charoen', 'Amnat Charoen'),
(3190, 209, 'Ang Thong', 'Ang Thong'),
(3191, 209, 'Ayutthaya', 'Ayutthaya'),
(3192, 209, 'Bangkok', 'Bangkok'),
(3193, 209, 'Buriram', 'Buriram'),
(3194, 209, 'Chachoengsao', 'Chachoengsao'),
(3195, 209, 'Chai Nat', 'Chai Nat'),
(3196, 209, 'Chaiyaphum', 'Chaiyaphum'),
(3197, 209, 'Chanthaburi', 'Chanthaburi'),
(3198, 209, 'Chiang Mai', 'Chiang Mai'),
(3199, 209, 'Chiang Rai', 'Chiang Rai'),
(3200, 209, 'Chon Buri', 'Chon Buri'),
(3201, 209, 'Chumphon', 'Chumphon'),
(3202, 209, 'Kalasin', 'Kalasin'),
(3203, 209, 'Kamphaeng Phet', 'Kamphaeng Phet'),
(3204, 209, 'Kanchanaburi', 'Kanchanaburi'),
(3205, 209, 'Khon Kaen', 'Khon Kaen'),
(3206, 209, 'Krabi', 'Krabi'),
(3207, 209, 'Lampang', 'Lampang'),
(3208, 209, 'Lamphun', 'Lamphun'),
(3209, 209, 'Loei', 'Loei'),
(3210, 209, 'Lop Buri', 'Lop Buri'),
(3211, 209, 'Mae Hong Son', 'Mae Hong Son'),
(3212, 209, 'Maha Sarakham', 'Maha Sarakham'),
(3213, 209, 'Mukdahan', 'Mukdahan'),
(3214, 209, 'Nakhon Nayok', 'Nakhon Nayok'),
(3215, 209, 'Nakhon Pathom', 'Nakhon Pathom'),
(3216, 209, 'Nakhon Phanom', 'Nakhon Phanom'),
(3217, 209, 'Nakhon Ratchasima', 'Nakhon Ratchasima'),
(3218, 209, 'Nakhon Sawan', 'Nakhon Sawan'),
(3219, 209, 'Nakhon Si Thammarat', 'Nakhon Si Thammarat'),
(3220, 209, 'Nan', 'Nan'),
(3221, 209, 'Narathiwat', 'Narathiwat'),
(3222, 209, 'Nong Bua Lamphu', 'Nong Bua Lamphu'),
(3223, 209, 'Nong Khai', 'Nong Khai'),
(3224, 209, 'Nonthaburi', 'Nonthaburi'),
(3225, 209, 'Pathum Thani', 'Pathum Thani'),
(3226, 209, 'Pattani', 'Pattani'),
(3227, 209, 'Phangnga', 'Phangnga'),
(3228, 209, 'Phatthalung', 'Phatthalung'),
(3229, 209, 'Phayao', 'Phayao'),
(3230, 209, 'Phetchabun', 'Phetchabun'),
(3231, 209, 'Phetchaburi', 'Phetchaburi'),
(3232, 209, 'Phichit', 'Phichit'),
(3233, 209, 'Phitsanulok', 'Phitsanulok'),
(3234, 209, 'Phrae', 'Phrae'),
(3235, 209, 'Phuket', 'Phuket'),
(3236, 209, 'Prachin Buri', 'Prachin Buri'),
(3237, 209, 'Prachuap Khiri Khan', 'Prachuap Khiri Khan'),
(3238, 209, 'Ranong', 'Ranong'),
(3239, 209, 'Ratchaburi', 'Ratchaburi'),
(3240, 209, 'Rayong', 'Rayong'),
(3241, 209, 'Roi Et', 'Roi Et'),
(3242, 209, 'Sa Kaeo', 'Sa Kaeo'),
(3243, 209, 'Sakon Nakhon', 'Sakon Nakhon'),
(3244, 209, 'Samut Prakan', 'Samut Prakan'),
(3245, 209, 'Samut Sakhon', 'Samut Sakhon'),
(3246, 209, 'Samut Songkhram', 'Samut Songkhram'),
(3247, 209, 'Sara Buri', 'Sara Buri'),
(3248, 209, 'Satun', 'Satun'),
(3249, 209, 'Sing Buri', 'Sing Buri'),
(3250, 209, 'Sisaket', 'Sisaket'),
(3251, 209, 'Songkhla', 'Songkhla'),
(3252, 209, 'Sukhothai', 'Sukhothai'),
(3253, 209, 'Suphan Buri', 'Suphan Buri'),
(3254, 209, 'Surat Thani', 'Surat Thani'),
(3255, 209, 'Surin', 'Surin'),
(3256, 209, 'Tak', 'Tak'),
(3257, 209, 'Trang', 'Trang'),
(3258, 209, 'Trat', 'Trat'),
(3259, 209, 'Ubon Ratchathani', 'Ubon Ratchathani'),
(3260, 209, 'Udon Thani', 'Udon Thani'),
(3261, 209, 'Uthai Thani', 'Uthai Thani'),
(3262, 209, 'Uttaradit', 'Uttaradit'),
(3263, 209, 'Yala', 'Yala'),
(3264, 209, 'Yasothon', 'Yasothon'),
(3265, 210, 'Kara', 'K'),
(3266, 210, 'Plateaux', 'P'),
(3267, 210, 'Savanes', 'S'),
(3268, 210, 'Centrale', 'C'),
(3269, 210, 'Maritime', 'M'),
(3270, 211, 'Atafu', 'A'),
(3271, 211, 'Fakaofo', 'F'),
(3272, 211, 'Nukunonu', 'N'),
(3273, 212, 'Ha''apai', 'H'),
(3274, 212, 'Tongatapu', 'T'),
(3275, 212, 'Vava''u', 'V'),
(3276, 213, 'Couva/Tabaquite/Talparo', 'CT'),
(3277, 213, 'Diego Martin', 'DM'),
(3278, 213, 'Mayaro/Rio Claro', 'MR'),
(3279, 213, 'Penal/Debe', 'PD'),
(3280, 213, 'Princes Town', 'PT'),
(3281, 213, 'Sangre Grande', 'SG'),
(3282, 213, 'San Juan/Laventille', 'SL'),
(3283, 213, 'Siparia', 'SI'),
(3284, 213, 'Tunapuna/Piarco', 'TP'),
(3285, 213, 'Port of Spain', 'PS'),
(3286, 213, 'San Fernando', 'SF'),
(3287, 213, 'Arima', 'AR'),
(3288, 213, 'Point Fortin', 'PF'),
(3289, 213, 'Chaguanas', 'CH'),
(3290, 213, 'Tobago', 'TO'),
(3291, 214, 'Ariana', 'AR'),
(3292, 214, 'Beja', 'BJ'),
(3293, 214, 'Ben Arous', 'BA'),
(3294, 214, 'Bizerte', 'BI'),
(3295, 214, 'Gabes', 'GB'),
(3296, 214, 'Gafsa', 'GF'),
(3297, 214, 'Jendouba', 'JE'),
(3298, 214, 'Kairouan', 'KR'),
(3299, 214, 'Kasserine', 'KS'),
(3300, 214, 'Kebili', 'KB'),
(3301, 214, 'Kef', 'KF'),
(3302, 214, 'Mahdia', 'MH'),
(3303, 214, 'Manouba', 'MN'),
(3304, 214, 'Medenine', 'ME'),
(3305, 214, 'Monastir', 'MO'),
(3306, 214, 'Nabeul', 'NA'),
(3307, 214, 'Sfax', 'SF'),
(3308, 214, 'Sidi', 'SD'),
(3309, 214, 'Siliana', 'SL'),
(3310, 214, 'Sousse', 'SO'),
(3311, 214, 'Tataouine', 'TA'),
(3312, 214, 'Tozeur', 'TO'),
(3313, 214, 'Tunis', 'TU'),
(3314, 214, 'Zaghouan', 'ZA'),
(3315, 215, 'Adana', 'ADA'),
(3316, 215, 'Adıyaman', 'ADI'),
(3317, 215, 'Afyonkarahisar', 'AFY'),
(3318, 215, 'Ağrı', 'AGR'),
(3319, 215, 'Aksaray', 'AKS'),
(3320, 215, 'Amasya', 'AMA'),
(3321, 215, 'Ankara', 'ANK'),
(3322, 215, 'Antalya', 'ANT'),
(3323, 215, 'Ardahan', 'ARD'),
(3324, 215, 'Artvin', 'ART'),
(3325, 215, 'Aydın', 'AYI'),
(3326, 215, 'Balıkesir', 'BAL'),
(3327, 215, 'Bartın', 'BAR'),
(3328, 215, 'Batman', 'BAT'),
(3329, 215, 'Bayburt', 'BAY'),
(3330, 215, 'Bilecik', 'BIL'),
(3331, 215, 'Bingöl', 'BIN'),
(3332, 215, 'Bitlis', 'BIT'),
(3333, 215, 'Bolu', 'BOL'),
(3334, 215, 'Burdur', 'BRD'),
(3335, 215, 'Bursa', 'BRS'),
(3336, 215, 'Çanakkale', 'CKL'),
(3337, 215, 'Çankırı', 'CKR'),
(3338, 215, 'Çorum', 'COR'),
(3339, 215, 'Denizli', 'DEN'),
(3340, 215, 'Diyarbakır', 'DIY'),
(3341, 215, 'Düzce', 'DUZ'),
(3342, 215, 'Edirne', 'EDI'),
(3343, 215, 'Elazığ', 'ELA'),
(3344, 215, 'Erzincan', 'EZC'),
(3345, 215, 'Erzurum', 'EZR'),
(3346, 215, 'Eskişehir', 'ESK'),
(3347, 215, 'Gaziantep', 'GAZ'),
(3348, 215, 'Giresun', 'GIR'),
(3349, 215, 'Gümüşhane', 'GMS'),
(3350, 215, 'Hakkari', 'HKR'),
(3351, 215, 'Hatay', 'HTY'),
(3352, 215, 'Iğdır', 'IGD'),
(3353, 215, 'Isparta', 'ISP'),
(3354, 215, 'İstanbul', 'IST'),
(3355, 215, 'İzmir', 'IZM'),
(3356, 215, 'Kahramanmaraş', 'KAH'),
(3357, 215, 'Karabük', 'KRB'),
(3358, 215, 'Karaman', 'KRM'),
(3359, 215, 'Kars', 'KRS'),
(3360, 215, 'Kastamonu', 'KAS'),
(3361, 215, 'Kayseri', 'KAY'),
(3362, 215, 'Kilis', 'KLS'),
(3363, 215, 'Kırıkkale', 'KRK'),
(3364, 215, 'Kırklareli', 'KLR'),
(3365, 215, 'Kırşehir', 'KRH'),
(3366, 215, 'Kocaeli', 'KOC'),
(3367, 215, 'Konya', 'KON'),
(3368, 215, 'Kütahya', 'KUT'),
(3369, 215, 'Malatya', 'MAL'),
(3370, 215, 'Manisa', 'MAN'),
(3371, 215, 'Mardin', 'MAR'),
(3372, 215, 'Mersin', 'MER'),
(3373, 215, 'Muğla', 'MUG'),
(3374, 215, 'Muş', 'MUS'),
(3375, 215, 'Nevşehir', 'NEV'),
(3376, 215, 'Niğde', 'NIG'),
(3377, 215, 'Ordu', 'ORD'),
(3378, 215, 'Osmaniye', 'OSM'),
(3379, 215, 'Rize', 'RIZ'),
(3380, 215, 'Sakarya', 'SAK'),
(3381, 215, 'Samsun', 'SAM'),
(3382, 215, 'Şanlıurfa', 'SAN'),
(3383, 215, 'Siirt', 'SII'),
(3384, 215, 'Sinop', 'SIN'),
(3385, 215, 'Şırnak', 'SIR'),
(3386, 215, 'Sivas', 'SIV'),
(3387, 215, 'Tekirdağ', 'TEL'),
(3388, 215, 'Tokat', 'TOK'),
(3389, 215, 'Trabzon', 'TRA'),
(3390, 215, 'Tunceli', 'TUN'),
(3391, 215, 'Uşak', 'USK'),
(3392, 215, 'Van', 'VAN'),
(3393, 215, 'Yalova', 'YAL'),
(3394, 215, 'Yozgat', 'YOZ'),
(3395, 215, 'Zonguldak', 'ZON'),
(3396, 216, 'Ahal Welayaty', 'A'),
(3397, 216, 'Balkan Welayaty', 'B'),
(3398, 216, 'Dashhowuz Welayaty', 'D'),
(3399, 216, 'Lebap Welayaty', 'L'),
(3400, 216, 'Mary Welayaty', 'M'),
(3401, 217, 'Ambergris Cays', 'AC'),
(3402, 217, 'Dellis Cay', 'DC'),
(3403, 217, 'French Cay', 'FC'),
(3404, 217, 'Little Water Cay', 'LW'),
(3405, 217, 'Parrot Cay', 'RC'),
(3406, 217, 'Pine Cay', 'PN'),
(3407, 217, 'Salt Cay', 'SL'),
(3408, 217, 'Grand Turk', 'GT'),
(3409, 217, 'South Caicos', 'SC'),
(3410, 217, 'East Caicos', 'EC'),
(3411, 217, 'Middle Caicos', 'MC'),
(3412, 217, 'North Caicos', 'NC'),
(3413, 217, 'Providenciales', 'PR'),
(3414, 217, 'West Caicos', 'WC'),
(3415, 218, 'Nanumanga', 'NMG'),
(3416, 218, 'Niulakita', 'NLK'),
(3417, 218, 'Niutao', 'NTO'),
(3418, 218, 'Funafuti', 'FUN'),
(3419, 218, 'Nanumea', 'NME'),
(3420, 218, 'Nui', 'NUI'),
(3421, 218, 'Nukufetau', 'NFT'),
(3422, 218, 'Nukulaelae', 'NLL'),
(3423, 218, 'Vaitupu', 'VAI'),
(3424, 219, 'Kalangala', 'KAL'),
(3425, 219, 'Kampala', 'KMP'),
(3426, 219, 'Kayunga', 'KAY'),
(3427, 219, 'Kiboga', 'KIB'),
(3428, 219, 'Luwero', 'LUW'),
(3429, 219, 'Masaka', 'MAS'),
(3430, 219, 'Mpigi', 'MPI'),
(3431, 219, 'Mubende', 'MUB'),
(3432, 219, 'Mukono', 'MUK'),
(3433, 219, 'Nakasongola', 'NKS'),
(3434, 219, 'Rakai', 'RAK'),
(3435, 219, 'Sembabule', 'SEM');
INSERT INTO `zone` (`zone_id`, `country_id`, `name`, `code`) VALUES
(3436, 219, 'Wakiso', 'WAK'),
(3437, 219, 'Bugiri', 'BUG'),
(3438, 219, 'Busia', 'BUS'),
(3439, 219, 'Iganga', 'IGA'),
(3440, 219, 'Jinja', 'JIN'),
(3441, 219, 'Kaberamaido', 'KAB'),
(3442, 219, 'Kamuli', 'KML'),
(3443, 219, 'Kapchorwa', 'KPC'),
(3444, 219, 'Katakwi', 'KTK'),
(3445, 219, 'Kumi', 'KUM'),
(3446, 219, 'Mayuge', 'MAY'),
(3447, 219, 'Mbale', 'MBA'),
(3448, 219, 'Pallisa', 'PAL'),
(3449, 219, 'Sironko', 'SIR'),
(3450, 219, 'Soroti', 'SOR'),
(3451, 219, 'Tororo', 'TOR'),
(3452, 219, 'Adjumani', 'ADJ'),
(3453, 219, 'Apac', 'APC'),
(3454, 219, 'Arua', 'ARU'),
(3455, 219, 'Gulu', 'GUL'),
(3456, 219, 'Kitgum', 'KIT'),
(3457, 219, 'Kotido', 'KOT'),
(3458, 219, 'Lira', 'LIR'),
(3459, 219, 'Moroto', 'MRT'),
(3460, 219, 'Moyo', 'MOY'),
(3461, 219, 'Nakapiripirit', 'NAK'),
(3462, 219, 'Nebbi', 'NEB'),
(3463, 219, 'Pader', 'PAD'),
(3464, 219, 'Yumbe', 'YUM'),
(3465, 219, 'Bundibugyo', 'BUN'),
(3466, 219, 'Bushenyi', 'BSH'),
(3467, 219, 'Hoima', 'HOI'),
(3468, 219, 'Kabale', 'KBL'),
(3469, 219, 'Kabarole', 'KAR'),
(3470, 219, 'Kamwenge', 'KAM'),
(3471, 219, 'Kanungu', 'KAN'),
(3472, 219, 'Kasese', 'KAS'),
(3473, 219, 'Kibaale', 'KBA'),
(3474, 219, 'Kisoro', 'KIS'),
(3475, 219, 'Kyenjojo', 'KYE'),
(3476, 219, 'Masindi', 'MSN'),
(3477, 219, 'Mbarara', 'MBR'),
(3478, 219, 'Ntungamo', 'NTU'),
(3479, 219, 'Rukungiri', 'RUK'),
(3480, 220, 'Cherkas''ka Oblast''', '71'),
(3481, 220, 'Chernihivs''ka Oblast''', '74'),
(3482, 220, 'Chernivets''ka Oblast''', '77'),
(3483, 220, 'Crimea', '43'),
(3484, 220, 'Dnipropetrovs''ka Oblast''', '12'),
(3485, 220, 'Donets''ka Oblast''', '14'),
(3486, 220, 'Ivano-Frankivs''ka Oblast''', '26'),
(3487, 220, 'Khersons''ka Oblast''', '65'),
(3488, 220, 'Khmel''nyts''ka Oblast''', '68'),
(3489, 220, 'Kirovohrads''ka Oblast''', '35'),
(3490, 220, 'Kyiv', '30'),
(3491, 220, 'Kyivs''ka Oblast''', '32'),
(3492, 220, 'Luhans''ka Oblast''', '09'),
(3493, 220, 'L''vivs''ka Oblast''', '46'),
(3494, 220, 'Mykolayivs''ka Oblast''', '48'),
(3495, 220, 'Odes''ka Oblast''', '51'),
(3496, 220, 'Poltavs''ka Oblast''', '53'),
(3497, 220, 'Rivnens''ka Oblast''', '56'),
(3498, 220, 'Sevastopol''', '40'),
(3499, 220, 'Sums''ka Oblast''', '59'),
(3500, 220, 'Ternopil''s''ka Oblast''', '61'),
(3501, 220, 'Vinnyts''ka Oblast''', '05'),
(3502, 220, 'Volyns''ka Oblast''', '07'),
(3503, 220, 'Zakarpats''ka Oblast''', '21'),
(3504, 220, 'Zaporiz''ka Oblast''', '23'),
(3505, 220, 'Zhytomyrs''ka oblast''', '18'),
(3506, 221, 'Abu Dhabi', 'ADH'),
(3507, 221, '''Ajman', 'AJ'),
(3508, 221, 'Al Fujayrah', 'FU'),
(3509, 221, 'Ash Shariqah', 'SH'),
(3510, 221, 'Dubai', 'DU'),
(3511, 221, 'R''as al Khaymah', 'RK'),
(3512, 221, 'Umm al Qaywayn', 'UQ'),
(3513, 222, 'Aberdeen', 'ABN'),
(3514, 222, 'Aberdeenshire', 'ABNS'),
(3515, 222, 'Anglesey', 'ANG'),
(3516, 222, 'Angus', 'AGS'),
(3517, 222, 'Argyll and Bute', 'ARY'),
(3518, 222, 'Bedfordshire', 'BEDS'),
(3519, 222, 'Berkshire', 'BERKS'),
(3520, 222, 'Blaenau Gwent', 'BLA'),
(3521, 222, 'Bridgend', 'BRI'),
(3522, 222, 'Bristol', 'BSTL'),
(3523, 222, 'Buckinghamshire', 'BUCKS'),
(3524, 222, 'Caerphilly', 'CAE'),
(3525, 222, 'Cambridgeshire', 'CAMBS'),
(3526, 222, 'Cardiff', 'CDF'),
(3527, 222, 'Carmarthenshire', 'CARM'),
(3528, 222, 'Ceredigion', 'CDGN'),
(3529, 222, 'Cheshire', 'CHES'),
(3530, 222, 'Clackmannanshire', 'CLACK'),
(3531, 222, 'Conwy', 'CON'),
(3532, 222, 'Cornwall', 'CORN'),
(3533, 222, 'Denbighshire', 'DNBG'),
(3534, 222, 'Derbyshire', 'DERBY'),
(3535, 222, 'Devon', 'DVN'),
(3536, 222, 'Dorset', 'DOR'),
(3537, 222, 'Dumfries and Galloway', 'DGL'),
(3538, 222, 'Dundee', 'DUND'),
(3539, 222, 'Durham', 'DHM'),
(3540, 222, 'East Ayrshire', 'ARYE'),
(3541, 222, 'East Dunbartonshire', 'DUNBE'),
(3542, 222, 'East Lothian', 'LOTE'),
(3543, 222, 'East Renfrewshire', 'RENE'),
(3544, 222, 'East Riding of Yorkshire', 'ERYS'),
(3545, 222, 'East Sussex', 'SXE'),
(3546, 222, 'Edinburgh', 'EDIN'),
(3547, 222, 'Essex', 'ESX'),
(3548, 222, 'Falkirk', 'FALK'),
(3549, 222, 'Fife', 'FFE'),
(3550, 222, 'Flintshire', 'FLINT'),
(3551, 222, 'Glasgow', 'GLAS'),
(3552, 222, 'Gloucestershire', 'GLOS'),
(3553, 222, 'Greater London', 'LDN'),
(3554, 222, 'Greater Manchester', 'MCH'),
(3555, 222, 'Gwynedd', 'GDD'),
(3556, 222, 'Hampshire', 'HANTS'),
(3557, 222, 'Herefordshire', 'HWR'),
(3558, 222, 'Hertfordshire', 'HERTS'),
(3559, 222, 'Highlands', 'HLD'),
(3560, 222, 'Inverclyde', 'IVER'),
(3561, 222, 'Isle of Wight', 'IOW'),
(3562, 222, 'Kent', 'KNT'),
(3563, 222, 'Lancashire', 'LANCS'),
(3564, 222, 'Leicestershire', 'LEICS'),
(3565, 222, 'Lincolnshire', 'LINCS'),
(3566, 222, 'Merseyside', 'MSY'),
(3567, 222, 'Merthyr Tydfil', 'MERT'),
(3568, 222, 'Midlothian', 'MLOT'),
(3569, 222, 'Monmouthshire', 'MMOUTH'),
(3570, 222, 'Moray', 'MORAY'),
(3571, 222, 'Neath Port Talbot', 'NPRTAL'),
(3572, 222, 'Newport', 'NEWPT'),
(3573, 222, 'Norfolk', 'NOR'),
(3574, 222, 'North Ayrshire', 'ARYN'),
(3575, 222, 'North Lanarkshire', 'LANN'),
(3576, 222, 'North Yorkshire', 'YSN'),
(3577, 222, 'Northamptonshire', 'NHM'),
(3578, 222, 'Northumberland', 'NLD'),
(3579, 222, 'Nottinghamshire', 'NOT'),
(3580, 222, 'Orkney Islands', 'ORK'),
(3581, 222, 'Oxfordshire', 'OFE'),
(3582, 222, 'Pembrokeshire', 'PEM'),
(3583, 222, 'Perth and Kinross', 'PERTH'),
(3584, 222, 'Powys', 'PWS'),
(3585, 222, 'Renfrewshire', 'REN'),
(3586, 222, 'Rhondda Cynon Taff', 'RHON'),
(3587, 222, 'Rutland', 'RUT'),
(3588, 222, 'Scottish Borders', 'BOR'),
(3589, 222, 'Shetland Islands', 'SHET'),
(3590, 222, 'Shropshire', 'SPE'),
(3591, 222, 'Somerset', 'SOM'),
(3592, 222, 'South Ayrshire', 'ARYS'),
(3593, 222, 'South Lanarkshire', 'LANS'),
(3594, 222, 'South Yorkshire', 'YSS'),
(3595, 222, 'Staffordshire', 'SFD'),
(3596, 222, 'Stirling', 'STIR'),
(3597, 222, 'Suffolk', 'SFK'),
(3598, 222, 'Surrey', 'SRY'),
(3599, 222, 'Swansea', 'SWAN'),
(3600, 222, 'Torfaen', 'TORF'),
(3601, 222, 'Tyne and Wear', 'TWR'),
(3602, 222, 'Vale of Glamorgan', 'VGLAM'),
(3603, 222, 'Warwickshire', 'WARKS'),
(3604, 222, 'West Dunbartonshire', 'WDUN'),
(3605, 222, 'West Lothian', 'WLOT'),
(3606, 222, 'West Midlands', 'WMD'),
(3607, 222, 'West Sussex', 'SXW'),
(3608, 222, 'West Yorkshire', 'YSW'),
(3609, 222, 'Western Isles', 'WIL'),
(3610, 222, 'Wiltshire', 'WLT'),
(3611, 222, 'Worcestershire', 'WORCS'),
(3612, 222, 'Wrexham', 'WRX'),
(3613, 223, 'Alabama', 'AL'),
(3614, 223, 'Alaska', 'AK'),
(3615, 223, 'American Samoa', 'AS'),
(3616, 223, 'Arizona', 'AZ'),
(3617, 223, 'Arkansas', 'AR'),
(3618, 223, 'Armed Forces Africa', 'AF'),
(3619, 223, 'Armed Forces Americas', 'AA'),
(3620, 223, 'Armed Forces Canada', 'AC'),
(3621, 223, 'Armed Forces Europe', 'AE'),
(3622, 223, 'Armed Forces Middle East', 'AM'),
(3623, 223, 'Armed Forces Pacific', 'AP'),
(3624, 223, 'California', 'CA'),
(3625, 223, 'Colorado', 'CO'),
(3626, 223, 'Connecticut', 'CT'),
(3627, 223, 'Delaware', 'DE'),
(3628, 223, 'District of Columbia', 'DC'),
(3629, 223, 'Federated States Of Micronesia', 'FM'),
(3630, 223, 'Florida', 'FL'),
(3631, 223, 'Georgia', 'GA'),
(3632, 223, 'Guam', 'GU'),
(3633, 223, 'Hawaii', 'HI'),
(3634, 223, 'Idaho', 'ID'),
(3635, 223, 'Illinois', 'IL'),
(3636, 223, 'Indiana', 'IN'),
(3637, 223, 'Iowa', 'IA'),
(3638, 223, 'Kansas', 'KS'),
(3639, 223, 'Kentucky', 'KY'),
(3640, 223, 'Louisiana', 'LA'),
(3641, 223, 'Maine', 'ME'),
(3642, 223, 'Marshall Islands', 'MH'),
(3643, 223, 'Maryland', 'MD'),
(3644, 223, 'Massachusetts', 'MA'),
(3645, 223, 'Michigan', 'MI'),
(3646, 223, 'Minnesota', 'MN'),
(3647, 223, 'Mississippi', 'MS'),
(3648, 223, 'Missouri', 'MO'),
(3649, 223, 'Montana', 'MT'),
(3650, 223, 'Nebraska', 'NE'),
(3651, 223, 'Nevada', 'NV'),
(3652, 223, 'New Hampshire', 'NH'),
(3653, 223, 'New Jersey', 'NJ'),
(3654, 223, 'New Mexico', 'NM'),
(3655, 223, 'New York', 'NY'),
(3656, 223, 'North Carolina', 'NC'),
(3657, 223, 'North Dakota', 'ND'),
(3658, 223, 'Northern Mariana Islands', 'MP'),
(3659, 223, 'Ohio', 'OH'),
(3660, 223, 'Oklahoma', 'OK'),
(3661, 223, 'Oregon', 'OR'),
(3662, 223, 'Palau', 'PW'),
(3663, 223, 'Pennsylvania', 'PA'),
(3664, 223, 'Puerto Rico', 'PR'),
(3665, 223, 'Rhode Island', 'RI'),
(3666, 223, 'South Carolina', 'SC'),
(3667, 223, 'South Dakota', 'SD'),
(3668, 223, 'Tennessee', 'TN'),
(3669, 223, 'Texas', 'TX'),
(3670, 223, 'Utah', 'UT'),
(3671, 223, 'Vermont', 'VT'),
(3672, 223, 'Virgin Islands', 'VI'),
(3673, 223, 'Virginia', 'VA'),
(3674, 223, 'Washington', 'WA'),
(3675, 223, 'West Virginia', 'WV'),
(3676, 223, 'Wisconsin', 'WI'),
(3677, 223, 'Wyoming', 'WY'),
(3678, 224, 'Baker Island', 'BI'),
(3679, 224, 'Howland Island', 'HI'),
(3680, 224, 'Jarvis Island', 'JI'),
(3681, 224, 'Johnston Atoll', 'JA'),
(3682, 224, 'Kingman Reef', 'KR'),
(3683, 224, 'Midway Atoll', 'MA'),
(3684, 224, 'Navassa Island', 'NI'),
(3685, 224, 'Palmyra Atoll', 'PA'),
(3686, 224, 'Wake Island', 'WI'),
(3687, 225, 'Artigas', 'AR'),
(3688, 225, 'Canelones', 'CA'),
(3689, 225, 'Cerro Largo', 'CL'),
(3690, 225, 'Colonia', 'CO'),
(3691, 225, 'Durazno', 'DU'),
(3692, 225, 'Flores', 'FS'),
(3693, 225, 'Florida', 'FA'),
(3694, 225, 'Lavalleja', 'LA'),
(3695, 225, 'Maldonado', 'MA'),
(3696, 225, 'Montevideo', 'MO'),
(3697, 225, 'Paysandu', 'PA'),
(3698, 225, 'Rio Negro', 'RN'),
(3699, 225, 'Rivera', 'RV'),
(3700, 225, 'Rocha', 'RO'),
(3701, 225, 'Salto', 'SL'),
(3702, 225, 'San Jose', 'SJ'),
(3703, 225, 'Soriano', 'SO'),
(3704, 225, 'Tacuarembo', 'TA'),
(3705, 225, 'Treinta y Tres', 'TT'),
(3706, 226, 'Andijon', 'AN'),
(3707, 226, 'Buxoro', 'BU'),
(3708, 226, 'Farg''ona', 'FA'),
(3709, 226, 'Jizzax', 'JI'),
(3710, 226, 'Namangan', 'NG'),
(3711, 226, 'Navoiy', 'NW'),
(3712, 226, 'Qashqadaryo', 'QA'),
(3713, 226, 'Qoraqalpog''iston Republikasi', 'QR'),
(3714, 226, 'Samarqand', 'SA'),
(3715, 226, 'Sirdaryo', 'SI'),
(3716, 226, 'Surxondaryo', 'SU'),
(3717, 226, 'Toshkent City', 'TK'),
(3718, 226, 'Toshkent Region', 'TO'),
(3719, 226, 'Xorazm', 'XO'),
(3720, 227, 'Malampa', 'MA'),
(3721, 227, 'Penama', 'PE'),
(3722, 227, 'Sanma', 'SA'),
(3723, 227, 'Shefa', 'SH'),
(3724, 227, 'Tafea', 'TA'),
(3725, 227, 'Torba', 'TO'),
(3726, 229, 'Amazonas', 'AM'),
(3727, 229, 'Anzoategui', 'AN'),
(3728, 229, 'Apure', 'AP'),
(3729, 229, 'Aragua', 'AR'),
(3730, 229, 'Barinas', 'BA'),
(3731, 229, 'Bolivar', 'BO'),
(3732, 229, 'Carabobo', 'CA'),
(3733, 229, 'Cojedes', 'CO'),
(3734, 229, 'Delta Amacuro', 'DA'),
(3735, 229, 'Dependencias Federales', 'DF'),
(3736, 229, 'Distrito Federal', 'DI'),
(3737, 229, 'Falcon', 'FA'),
(3738, 229, 'Guarico', 'GU'),
(3739, 229, 'Lara', 'LA'),
(3740, 229, 'Merida', 'ME'),
(3741, 229, 'Miranda', 'MI'),
(3742, 229, 'Monagas', 'MO'),
(3743, 229, 'Nueva Esparta', 'NE'),
(3744, 229, 'Portuguesa', 'PO'),
(3745, 229, 'Sucre', 'SU'),
(3746, 229, 'Tachira', 'TA'),
(3747, 229, 'Trujillo', 'TR'),
(3748, 229, 'Vargas', 'VA'),
(3749, 229, 'Yaracuy', 'YA'),
(3750, 229, 'Zulia', 'ZU'),
(3751, 230, 'An Giang', 'AG'),
(3752, 230, 'Bac Giang', 'BG'),
(3753, 230, 'Bac Kan', 'BK'),
(3754, 230, 'Bac Lieu', 'BL'),
(3755, 230, 'Bac Ninh', 'BC'),
(3756, 230, 'Ba Ria-Vung Tau', 'BR'),
(3757, 230, 'Ben Tre', 'BN'),
(3758, 230, 'Binh Dinh', 'BH'),
(3759, 230, 'Binh Duong', 'BU'),
(3760, 230, 'Binh Phuoc', 'BP'),
(3761, 230, 'Binh Thuan', 'BT'),
(3762, 230, 'Ca Mau', 'CM'),
(3763, 230, 'Can Tho', 'CT'),
(3764, 230, 'Cao Bang', 'CB'),
(3765, 230, 'Dak Lak', 'DL'),
(3766, 230, 'Dak Nong', 'DG'),
(3767, 230, 'Da Nang', 'DN'),
(3768, 230, 'Dien Bien', 'DB'),
(3769, 230, 'Dong Nai', 'DI'),
(3770, 230, 'Dong Thap', 'DT'),
(3771, 230, 'Gia Lai', 'GL'),
(3772, 230, 'Ha Giang', 'HG'),
(3773, 230, 'Hai Duong', 'HD'),
(3774, 230, 'Hai Phong', 'HP'),
(3775, 230, 'Ha Nam', 'HM'),
(3776, 230, 'Ha Noi', 'HI'),
(3777, 230, 'Ha Tay', 'HT'),
(3778, 230, 'Ha Tinh', 'HH'),
(3779, 230, 'Hoa Binh', 'HB'),
(3780, 230, 'Ho Chi Minh City', 'HC'),
(3781, 230, 'Hau Giang', 'HU'),
(3782, 230, 'Hung Yen', 'HY'),
(3783, 232, 'Saint Croix', 'C'),
(3784, 232, 'Saint John', 'J'),
(3785, 232, 'Saint Thomas', 'T'),
(3786, 233, 'Alo', 'A'),
(3787, 233, 'Sigave', 'S'),
(3788, 233, 'Wallis', 'W'),
(3789, 235, 'Abyan', 'AB'),
(3790, 235, 'Adan', 'AD'),
(3791, 235, 'Amran', 'AM'),
(3792, 235, 'Al Bayda', 'BA'),
(3793, 235, 'Ad Dali', 'DA'),
(3794, 235, 'Dhamar', 'DH'),
(3795, 235, 'Hadramawt', 'HD'),
(3796, 235, 'Hajjah', 'HJ'),
(3797, 235, 'Al Hudaydah', 'HU'),
(3798, 235, 'Ibb', 'IB'),
(3799, 235, 'Al Jawf', 'JA'),
(3800, 235, 'Lahij', 'LA'),
(3801, 235, 'Ma''rib', 'MA'),
(3802, 235, 'Al Mahrah', 'MR'),
(3803, 235, 'Al Mahwit', 'MW'),
(3804, 235, 'Sa''dah', 'SD'),
(3805, 235, 'San''a', 'SN'),
(3806, 235, 'Shabwah', 'SH'),
(3807, 235, 'Ta''izz', 'TA'),
(3812, 237, 'Bas-Congo', 'BC'),
(3813, 237, 'Bandundu', 'BN'),
(3814, 237, 'Equateur', 'EQ'),
(3815, 237, 'Katanga', 'KA'),
(3816, 237, 'Kasai-Oriental', 'KE'),
(3817, 237, 'Kinshasa', 'KN'),
(3818, 237, 'Kasai-Occidental', 'KW'),
(3819, 237, 'Maniema', 'MA'),
(3820, 237, 'Nord-Kivu', 'NK'),
(3821, 237, 'Orientale', 'OR'),
(3822, 237, 'Sud-Kivu', 'SK'),
(3823, 238, 'Central', 'CE'),
(3824, 238, 'Copperbelt', 'CB'),
(3825, 238, 'Eastern', 'EA'),
(3826, 238, 'Luapula', 'LP'),
(3827, 238, 'Lusaka', 'LK'),
(3828, 238, 'Northern', 'NO'),
(3829, 238, 'North-Western', 'NW'),
(3830, 238, 'Southern', 'SO'),
(3831, 238, 'Western', 'WE'),
(3832, 239, 'Bulawayo', 'BU'),
(3833, 239, 'Harare', 'HA'),
(3834, 239, 'Manicaland', 'ML'),
(3835, 239, 'Mashonaland Central', 'MC'),
(3836, 239, 'Mashonaland East', 'ME'),
(3837, 239, 'Mashonaland West', 'MW'),
(3838, 239, 'Masvingo', 'MV'),
(3839, 239, 'Matabeleland North', 'MN'),
(3840, 239, 'Matabeleland South', 'MS'),
(3841, 239, 'Midlands', 'MD'),
(3842, 105, 'Agrigento', 'AG'),
(3843, 105, 'Alessandria', 'AL'),
(3844, 105, 'Ancona', 'AN'),
(3845, 105, 'Aosta', 'AO'),
(3846, 105, 'Arezzo', 'AR'),
(3847, 105, 'Ascoli Piceno', 'AP'),
(3848, 105, 'Asti', 'AT'),
(3849, 105, 'Avellino', 'AV'),
(3850, 105, 'Bari', 'BA'),
(3851, 105, 'Belluno', 'BL'),
(3852, 105, 'Benevento', 'BN'),
(3853, 105, 'Bergamo', 'BG'),
(3854, 105, 'Biella', 'BI'),
(3855, 105, 'Bologna', 'BO'),
(3856, 105, 'Bolzano', 'BZ'),
(3857, 105, 'Brescia', 'BS'),
(3858, 105, 'Brindisi', 'BR'),
(3859, 105, 'Cagliari', 'CA'),
(3860, 105, 'Caltanissetta', 'CL'),
(3861, 105, 'Campobasso', 'CB'),
(3862, 105, 'Carbonia-Iglesias', 'CI'),
(3863, 105, 'Caserta', 'CE'),
(3864, 105, 'Catania', 'CT'),
(3865, 105, 'Catanzaro', 'CZ'),
(3866, 105, 'Chieti', 'CH'),
(3867, 105, 'Como', 'CO'),
(3868, 105, 'Cosenza', 'CS'),
(3869, 105, 'Cremona', 'CR'),
(3870, 105, 'Crotone', 'KR'),
(3871, 105, 'Cuneo', 'CN'),
(3872, 105, 'Enna', 'EN'),
(3873, 105, 'Ferrara', 'FE'),
(3874, 105, 'Firenze', 'FI'),
(3875, 105, 'Foggia', 'FG'),
(3876, 105, 'Forli-Cesena', 'FC'),
(3877, 105, 'Frosinone', 'FR'),
(3878, 105, 'Genova', 'GE'),
(3879, 105, 'Gorizia', 'GO'),
(3880, 105, 'Grosseto', 'GR'),
(3881, 105, 'Imperia', 'IM'),
(3882, 105, 'Isernia', 'IS'),
(3883, 105, 'L&#39;Aquila', 'AQ'),
(3884, 105, 'La Spezia', 'SP'),
(3885, 105, 'Latina', 'LT'),
(3886, 105, 'Lecce', 'LE'),
(3887, 105, 'Lecco', 'LC'),
(3888, 105, 'Livorno', 'LI'),
(3889, 105, 'Lodi', 'LO'),
(3890, 105, 'Lucca', 'LU'),
(3891, 105, 'Macerata', 'MC'),
(3892, 105, 'Mantova', 'MN'),
(3893, 105, 'Massa-Carrara', 'MS'),
(3894, 105, 'Matera', 'MT'),
(3895, 105, 'Medio Campidano', 'VS'),
(3896, 105, 'Messina', 'ME'),
(3897, 105, 'Milano', 'MI'),
(3898, 105, 'Modena', 'MO'),
(3899, 105, 'Napoli', 'NA'),
(3900, 105, 'Novara', 'NO'),
(3901, 105, 'Nuoro', 'NU'),
(3902, 105, 'Ogliastra', 'OG'),
(3903, 105, 'Olbia-Tempio', 'OT'),
(3904, 105, 'Oristano', 'OR'),
(3905, 105, 'Padova', 'PD'),
(3906, 105, 'Palermo', 'PA'),
(3907, 105, 'Parma', 'PR'),
(3908, 105, 'Pavia', 'PV'),
(3909, 105, 'Perugia', 'PG'),
(3910, 105, 'Pesaro e Urbino', 'PU'),
(3911, 105, 'Pescara', 'PE'),
(3912, 105, 'Piacenza', 'PC'),
(3913, 105, 'Pisa', 'PI'),
(3914, 105, 'Pistoia', 'PT'),
(3915, 105, 'Pordenone', 'PN'),
(3916, 105, 'Potenza', 'PZ'),
(3917, 105, 'Prato', 'PO'),
(3918, 105, 'Ragusa', 'RG'),
(3919, 105, 'Ravenna', 'RA'),
(3920, 105, 'Reggio Calabria', 'RC'),
(3921, 105, 'Reggio Emilia', 'RE'),
(3922, 105, 'Rieti', 'RI'),
(3923, 105, 'Rimini', 'RN'),
(3924, 105, 'Roma', 'RM'),
(3925, 105, 'Rovigo', 'RO'),
(3926, 105, 'Salerno', 'SA'),
(3927, 105, 'Sassari', 'SS'),
(3928, 105, 'Savona', 'SV'),
(3929, 105, 'Siena', 'SI'),
(3930, 105, 'Siracusa', 'SR'),
(3931, 105, 'Sondrio', 'SO'),
(3932, 105, 'Taranto', 'TA'),
(3933, 105, 'Teramo', 'TE'),
(3934, 105, 'Terni', 'TR'),
(3935, 105, 'Torino', 'TO'),
(3936, 105, 'Trapani', 'TP'),
(3937, 105, 'Trento', 'TN'),
(3938, 105, 'Treviso', 'TV'),
(3939, 105, 'Trieste', 'TS'),
(3940, 105, 'Udine', 'UD'),
(3941, 105, 'Varese', 'VA'),
(3942, 105, 'Venezia', 'VE'),
(3943, 105, 'Verbano-Cusio-Ossola', 'VB'),
(3944, 105, 'Vercelli', 'VC'),
(3945, 105, 'Verona', 'VR'),
(3946, 105, 'Vibo Valentia', 'VV'),
(3947, 105, 'Vicenza', 'VI'),
(3948, 105, 'Viterbo', 'VT'),
(3949, 222, 'County Antrim', 'ANT'),
(3950, 222, 'County Armagh', 'ARM'),
(3951, 222, 'County Down', 'DOW'),
(3952, 222, 'County Fermanagh', 'FER'),
(3953, 222, 'County Londonderry', 'LDY'),
(3954, 222, 'County Tyrone', 'TYR'),
(3955, 222, 'Cumbria', 'CMA'),
(3956, 190, 'Pomurska', '1'),
(3957, 190, 'Podravska', '2'),
(3958, 190, 'Koroška', '3'),
(3959, 190, 'Savinjska', '4'),
(3960, 190, 'Zasavska', '5'),
(3961, 190, 'Spodnjeposavska', '6'),
(3962, 190, 'Jugovzhodna Slovenija', '7'),
(3963, 190, 'Osrednjeslovenska', '8'),
(3964, 190, 'Gorenjska', '9'),
(3965, 190, 'Notranjsko-kraška', '10'),
(3966, 190, 'Goriška', '11'),
(3967, 190, 'Obalno-kraška', '12'),
(3968, 33, 'Ruse', ''),
(3969, 101, 'Alborz', 'ALB'),
(3970, 21, 'Brussels-Capital Region', 'BRU'),
(3971, 138, 'Aguascalientes', 'AG'),
(3973, 242, 'Andrijevica', '01'),
(3974, 242, 'Bar', '02'),
(3975, 242, 'Berane', '03'),
(3976, 242, 'Bijelo Polje', '04'),
(3977, 242, 'Budva', '05'),
(3978, 242, 'Cetinje', '06'),
(3979, 242, 'Danilovgrad', '07'),
(3980, 242, 'Herceg-Novi', '08'),
(3981, 242, 'Kolašin', '09'),
(3982, 242, 'Kotor', '10'),
(3983, 242, 'Mojkovac', '11'),
(3984, 242, 'Nikšić', '12'),
(3985, 242, 'Plav', '13'),
(3986, 242, 'Pljevlja', '14'),
(3987, 242, 'Plužine', '15'),
(3988, 242, 'Podgorica', '16'),
(3989, 242, 'Rožaje', '17'),
(3990, 242, 'Šavnik', '18'),
(3991, 242, 'Tivat', '19'),
(3992, 242, 'Ulcinj', '20'),
(3993, 242, 'Žabljak', '21'),
(3994, 243, 'Belgrade', '00'),
(3995, 243, 'North Bačka', '01'),
(3996, 243, 'Central Banat', '02'),
(3997, 243, 'North Banat', '03'),
(3998, 243, 'South Banat', '04'),
(3999, 243, 'West Bačka', '05'),
(4000, 243, 'South Bačka', '06'),
(4001, 243, 'Srem', '07'),
(4002, 243, 'Mačva', '08'),
(4003, 243, 'Kolubara', '09'),
(4004, 243, 'Podunavlje', '10'),
(4005, 243, 'Braničevo', '11'),
(4006, 243, 'Šumadija', '12'),
(4007, 243, 'Pomoravlje', '13'),
(4008, 243, 'Bor', '14'),
(4009, 243, 'Zaječar', '15'),
(4010, 243, 'Zlatibor', '16'),
(4011, 243, 'Moravica', '17'),
(4012, 243, 'Raška', '18'),
(4013, 243, 'Rasina', '19'),
(4014, 243, 'Nišava', '20'),
(4015, 243, 'Toplica', '21'),
(4016, 243, 'Pirot', '22'),
(4017, 243, 'Jablanica', '23'),
(4018, 243, 'Pčinja', '24'),
(4020, 245, 'Bonaire', 'BO'),
(4021, 245, 'Saba', 'SA'),
(4022, 245, 'Sint Eustatius', 'SE'),
(4023, 248, 'Central Equatoria', 'EC'),
(4024, 248, 'Eastern Equatoria', 'EE'),
(4025, 248, 'Jonglei', 'JG'),
(4026, 248, 'Lakes', 'LK'),
(4027, 248, 'Northern Bahr el-Ghazal', 'BN'),
(4028, 248, 'Unity', 'UY'),
(4029, 248, 'Upper Nile', 'NU'),
(4030, 248, 'Warrap', 'WR'),
(4031, 248, 'Western Bahr el-Ghazal', 'BW'),
(4032, 248, 'Western Equatoria', 'EW'),
(4035, 129, 'Putrajaya', 'MY-16'),
(4036, 117, 'Ainaži, Salacgrīvas novads', '0661405'),
(4037, 117, 'Aizkraukle, Aizkraukles novads', '0320201'),
(4038, 117, 'Aizkraukles novads', '0320200'),
(4039, 117, 'Aizpute, Aizputes novads', '0640605'),
(4040, 117, 'Aizputes novads', '0640600'),
(4041, 117, 'Aknīste, Aknīstes novads', '0560805'),
(4042, 117, 'Aknīstes novads', '0560800'),
(4043, 117, 'Aloja, Alojas novads', '0661007'),
(4044, 117, 'Alojas novads', '0661000'),
(4045, 117, 'Alsungas novads', '0624200'),
(4046, 117, 'Alūksne, Alūksnes novads', '0360201'),
(4047, 117, 'Alūksnes novads', '0360200'),
(4048, 117, 'Amatas novads', '0424701'),
(4049, 117, 'Ape, Apes novads', '0360805'),
(4050, 117, 'Apes novads', '0360800'),
(4051, 117, 'Auce, Auces novads', '0460805'),
(4052, 117, 'Auces novads', '0460800'),
(4053, 117, 'Ādažu novads', '0804400'),
(4054, 117, 'Babītes novads', '0804900'),
(4055, 117, 'Baldone, Baldones novads', '0800605'),
(4056, 117, 'Baldones novads', '0800600'),
(4057, 117, 'Baloži, Ķekavas novads', '0800807'),
(4058, 117, 'Baltinavas novads', '0384400'),
(4059, 117, 'Balvi, Balvu novads', '0380201'),
(4060, 117, 'Balvu novads', '0380200'),
(4061, 117, 'Bauska, Bauskas novads', '0400201'),
(4062, 117, 'Bauskas novads', '0400200'),
(4063, 117, 'Beverīnas novads', '0964700'),
(4064, 117, 'Brocēni, Brocēnu novads', '0840605'),
(4065, 117, 'Brocēnu novads', '0840601'),
(4066, 117, 'Burtnieku novads', '0967101'),
(4067, 117, 'Carnikavas novads', '0805200'),
(4068, 117, 'Cesvaine, Cesvaines novads', '0700807'),
(4069, 117, 'Cesvaines novads', '0700800'),
(4070, 117, 'Cēsis, Cēsu novads', '0420201'),
(4071, 117, 'Cēsu novads', '0420200'),
(4072, 117, 'Ciblas novads', '0684901'),
(4073, 117, 'Dagda, Dagdas novads', '0601009'),
(4074, 117, 'Dagdas novads', '0601000'),
(4075, 117, 'Daugavpils', '0050000'),
(4076, 117, 'Daugavpils novads', '0440200'),
(4077, 117, 'Dobele, Dobeles novads', '0460201'),
(4078, 117, 'Dobeles novads', '0460200'),
(4079, 117, 'Dundagas novads', '0885100'),
(4080, 117, 'Durbe, Durbes novads', '0640807'),
(4081, 117, 'Durbes novads', '0640801'),
(4082, 117, 'Engures novads', '0905100'),
(4083, 117, 'Ērgļu novads', '0705500'),
(4084, 117, 'Garkalnes novads', '0806000'),
(4085, 117, 'Grobiņa, Grobiņas novads', '0641009'),
(4086, 117, 'Grobiņas novads', '0641000'),
(4087, 117, 'Gulbene, Gulbenes novads', '0500201'),
(4088, 117, 'Gulbenes novads', '0500200'),
(4089, 117, 'Iecavas novads', '0406400'),
(4090, 117, 'Ikšķile, Ikšķiles novads', '0740605'),
(4091, 117, 'Ikšķiles novads', '0740600'),
(4092, 117, 'Ilūkste, Ilūkstes novads', '0440807'),
(4093, 117, 'Ilūkstes novads', '0440801'),
(4094, 117, 'Inčukalna novads', '0801800'),
(4095, 117, 'Jaunjelgava, Jaunjelgavas novads', '0321007'),
(4096, 117, 'Jaunjelgavas novads', '0321000'),
(4097, 117, 'Jaunpiebalgas novads', '0425700'),
(4098, 117, 'Jaunpils novads', '0905700'),
(4099, 117, 'Jelgava', '0090000'),
(4100, 117, 'Jelgavas novads', '0540200'),
(4101, 117, 'Jēkabpils', '0110000'),
(4102, 117, 'Jēkabpils novads', '0560200'),
(4103, 117, 'Jūrmala', '0130000'),
(4104, 117, 'Kalnciems, Jelgavas novads', '0540211'),
(4105, 117, 'Kandava, Kandavas novads', '0901211'),
(4106, 117, 'Kandavas novads', '0901201'),
(4107, 117, 'Kārsava, Kārsavas novads', '0681009'),
(4108, 117, 'Kārsavas novads', '0681000'),
(4109, 117, 'Kocēnu novads ,bij. Valmieras)', '0960200'),
(4110, 117, 'Kokneses novads', '0326100'),
(4111, 117, 'Krāslava, Krāslavas novads', '0600201'),
(4112, 117, 'Krāslavas novads', '0600202'),
(4113, 117, 'Krimuldas novads', '0806900'),
(4114, 117, 'Krustpils novads', '0566900'),
(4115, 117, 'Kuldīga, Kuldīgas novads', '0620201'),
(4116, 117, 'Kuldīgas novads', '0620200'),
(4117, 117, 'Ķeguma novads', '0741001'),
(4118, 117, 'Ķegums, Ķeguma novads', '0741009'),
(4119, 117, 'Ķekavas novads', '0800800'),
(4120, 117, 'Lielvārde, Lielvārdes novads', '0741413'),
(4121, 117, 'Lielvārdes novads', '0741401'),
(4122, 117, 'Liepāja', '0170000'),
(4123, 117, 'Limbaži, Limbažu novads', '0660201'),
(4124, 117, 'Limbažu novads', '0660200'),
(4125, 117, 'Līgatne, Līgatnes novads', '0421211'),
(4126, 117, 'Līgatnes novads', '0421200'),
(4127, 117, 'Līvāni, Līvānu novads', '0761211'),
(4128, 117, 'Līvānu novads', '0761201'),
(4129, 117, 'Lubāna, Lubānas novads', '0701413'),
(4130, 117, 'Lubānas novads', '0701400'),
(4131, 117, 'Ludza, Ludzas novads', '0680201'),
(4132, 117, 'Ludzas novads', '0680200'),
(4133, 117, 'Madona, Madonas novads', '0700201'),
(4134, 117, 'Madonas novads', '0700200'),
(4135, 117, 'Mazsalaca, Mazsalacas novads', '0961011'),
(4136, 117, 'Mazsalacas novads', '0961000'),
(4137, 117, 'Mālpils novads', '0807400'),
(4138, 117, 'Mārupes novads', '0807600'),
(4139, 117, 'Mērsraga novads', '0887600'),
(4140, 117, 'Naukšēnu novads', '0967300'),
(4141, 117, 'Neretas novads', '0327100'),
(4142, 117, 'Nīcas novads', '0647900'),
(4143, 117, 'Ogre, Ogres novads', '0740201'),
(4144, 117, 'Ogres novads', '0740202'),
(4145, 117, 'Olaine, Olaines novads', '0801009'),
(4146, 117, 'Olaines novads', '0801000'),
(4147, 117, 'Ozolnieku novads', '0546701'),
(4148, 117, 'Pārgaujas novads', '0427500'),
(4149, 117, 'Pāvilosta, Pāvilostas novads', '0641413'),
(4150, 117, 'Pāvilostas novads', '0641401'),
(4151, 117, 'Piltene, Ventspils novads', '0980213'),
(4152, 117, 'Pļaviņas, Pļaviņu novads', '0321413'),
(4153, 117, 'Pļaviņu novads', '0321400'),
(4154, 117, 'Preiļi, Preiļu novads', '0760201'),
(4155, 117, 'Preiļu novads', '0760202'),
(4156, 117, 'Priekule, Priekules novads', '0641615'),
(4157, 117, 'Priekules novads', '0641600'),
(4158, 117, 'Priekuļu novads', '0427300'),
(4159, 117, 'Raunas novads', '0427700'),
(4160, 117, 'Rēzekne', '0210000'),
(4161, 117, 'Rēzeknes novads', '0780200'),
(4162, 117, 'Riebiņu novads', '0766300'),
(4163, 117, 'Rīga', '0010000'),
(4164, 117, 'Rojas novads', '0888300'),
(4165, 117, 'Ropažu novads', '0808400'),
(4166, 117, 'Rucavas novads', '0648500'),
(4167, 117, 'Rugāju novads', '0387500'),
(4168, 117, 'Rundāles novads', '0407700'),
(4169, 117, 'Rūjiena, Rūjienas novads', '0961615'),
(4170, 117, 'Rūjienas novads', '0961600'),
(4171, 117, 'Sabile, Talsu novads', '0880213'),
(4172, 117, 'Salacgrīva, Salacgrīvas novads', '0661415'),
(4173, 117, 'Salacgrīvas novads', '0661400'),
(4174, 117, 'Salas novads', '0568700'),
(4175, 117, 'Salaspils novads', '0801200'),
(4176, 117, 'Salaspils, Salaspils novads', '0801211'),
(4177, 117, 'Saldus novads', '0840200'),
(4178, 117, 'Saldus, Saldus novads', '0840201'),
(4179, 117, 'Saulkrasti, Saulkrastu novads', '0801413'),
(4180, 117, 'Saulkrastu novads', '0801400'),
(4181, 117, 'Seda, Strenču novads', '0941813'),
(4182, 117, 'Sējas novads', '0809200'),
(4183, 117, 'Sigulda, Siguldas novads', '0801615'),
(4184, 117, 'Siguldas novads', '0801601'),
(4185, 117, 'Skrīveru novads', '0328200'),
(4186, 117, 'Skrunda, Skrundas novads', '0621209'),
(4187, 117, 'Skrundas novads', '0621200'),
(4188, 117, 'Smiltene, Smiltenes novads', '0941615'),
(4189, 117, 'Smiltenes novads', '0941600'),
(4190, 117, 'Staicele, Alojas novads', '0661017'),
(4191, 117, 'Stende, Talsu novads', '0880215'),
(4192, 117, 'Stopiņu novads', '0809600'),
(4193, 117, 'Strenči, Strenču novads', '0941817'),
(4194, 117, 'Strenču novads', '0941800'),
(4195, 117, 'Subate, Ilūkstes novads', '0440815'),
(4196, 117, 'Talsi, Talsu novads', '0880201'),
(4197, 117, 'Talsu novads', '0880200'),
(4198, 117, 'Tērvetes novads', '0468900'),
(4199, 117, 'Tukuma novads', '0900200'),
(4200, 117, 'Tukums, Tukuma novads', '0900201'),
(4201, 117, 'Vaiņodes novads', '0649300'),
(4202, 117, 'Valdemārpils, Talsu novads', '0880217'),
(4203, 117, 'Valka, Valkas novads', '0940201'),
(4204, 117, 'Valkas novads', '0940200'),
(4205, 117, 'Valmiera', '0250000'),
(4206, 117, 'Vangaži, Inčukalna novads', '0801817'),
(4207, 117, 'Varakļāni, Varakļānu novads', '0701817'),
(4208, 117, 'Varakļānu novads', '0701800'),
(4209, 117, 'Vārkavas novads', '0769101'),
(4210, 117, 'Vecpiebalgas novads', '0429300'),
(4211, 117, 'Vecumnieku novads', '0409500'),
(4212, 117, 'Ventspils', '0270000'),
(4213, 117, 'Ventspils novads', '0980200'),
(4214, 117, 'Viesīte, Viesītes novads', '0561815'),
(4215, 117, 'Viesītes novads', '0561800'),
(4216, 117, 'Viļaka, Viļakas novads', '0381615'),
(4217, 117, 'Viļakas novads', '0381600'),
(4218, 117, 'Viļāni, Viļānu novads', '0781817'),
(4219, 117, 'Viļānu novads', '0781800'),
(4220, 117, 'Zilupe, Zilupes novads', '0681817'),
(4221, 117, 'Zilupes novads', '0681801'),
(4222, 43, 'Arica y Parinacota', 'AP'),
(4223, 43, 'Los Rios', 'LR'),
(4224, 220, 'Kharkivs''ka Oblast''', '63'),
(4225, 118, 'Beirut', 'LB-BR'),
(4226, 118, 'Bekaa', 'LB-BE'),
(4227, 118, 'Mount Lebanon', 'LB-ML'),
(4228, 118, 'Nabatieh', 'LB-NB'),
(4229, 118, 'North', 'LB-NR'),
(4230, 118, 'South', 'LB-ST'),
(4231, 99, 'Telangana', 'TS');

--
-- Ketidakleluasaan untuk tabel pelimpahan (Dumped Tables)
--

--
-- Ketidakleluasaan untuk tabel `permission_role`
--
ALTER TABLE `permission_role`
  ADD CONSTRAINT `permission_role_permission_id_foreign` FOREIGN KEY (`permission_id`) REFERENCES `permissions` (`id`) ON DELETE CASCADE ON UPDATE CASCADE,
  ADD CONSTRAINT `permission_role_role_id_foreign` FOREIGN KEY (`role_id`) REFERENCES `roles` (`id`) ON DELETE CASCADE ON UPDATE CASCADE;

--
-- Ketidakleluasaan untuk tabel `role_user`
--
ALTER TABLE `role_user`
  ADD CONSTRAINT `role_user_role_id_foreign` FOREIGN KEY (`role_id`) REFERENCES `roles` (`id`) ON DELETE CASCADE ON UPDATE CASCADE,
  ADD CONSTRAINT `role_user_user_id_foreign` FOREIGN KEY (`user_id`) REFERENCES `users` (`id`) ON DELETE CASCADE ON UPDATE CASCADE;

/*!40101 SET CHARACTER_SET_CLIENT=@OLD_CHARACTER_SET_CLIENT */;
/*!40101 SET CHARACTER_SET_RESULTS=@OLD_CHARACTER_SET_RESULTS */;
/*!40101 SET COLLATION_CONNECTION=@OLD_COLLATION_CONNECTION */;
